frame,time,tx_mm,ty_mm,tz_mm,qx,qy,qz,qw
0,0.0,-655.335693359375,85.78913879394531,1672.21533203125,-0.005121657605056473,0.21599305508025585,0.0028311074934800327,0.9763773622994516
1,0.016667,-655.3352661132812,85.7876968383789,1672.2142333984375,-0.00512375708170529,0.21596471159700717,0.002840364334816623,0.976383594080029
2,0.033333,-655.3348388671875,85.7862548828125,1672.213134765625,-0.005125856011030752,0.2159363679120116,0.002849621290870069,0.9763898249529339
3,0.05,-655.3346862792969,85.78497314453125,1672.21240234375,-0.005138006144380051,0.21590999509272538,0.0028457277149717035,0.9763956046325136
4,0.066667,-655.3345336914062,85.78369140625,1672.211669921875,-0.005150156803929299,0.21588362225663293,0.0028418333174849986,0.976401383402157
5,0.083333,-655.3349609375,85.78342819213867,1672.2117309570312,-0.005160767023948991,0.2158621582879006,0.0028367208683991747,0.9764060877102972
6,0.1,-655.3353881835938,85.78316497802734,1672.2117919921875,-0.005171377701424747,0.21584069436466122,0.0028316078004499462,0.9764107913711906
7,0.116667,-655.3360595703125,85.78423309326172,1672.2122802734375,-0.005176454631310084,0.21583444407913688,0.0028266471798553544,0.9764121604794875
8,0.133333,-655.3367309570312,85.7853012084961,1672.2127685546875,-0.005181531660894087,0.215828193850956,0.0028216864580121155,0.9764135294813433
9,0.15,-655.3367919921875,85.7867431640625,1672.2130126953125,-0.005180758155142679,0.21582996815363403,0.0028197507844513474,0.9764131469809553
10,0.166667,-655.3368530273438,85.7881851196289,1672.2132568359375,-0.005179984642910025,0.21583174245341796,0.0028178151110405266,0.976412764473417
11,0.183333,-655.3356018066407,85.78837585449219,1672.2127685546875,-0.005177767765470678,0.21581256769707055,0.0028295479919071696,0.9764169805995415
12,0.2,-655.3343505859375,85.78856658935547,1672.2122802734375,-0.005175550334832346,0.21579339294791866,0.002841281182121407,0.9764211961853352
13,0.216667,-655.3315124511719,85.78644561767578,1672.2103271484375,-0.005182014928111196,0.2157219849677984,0.0028772250644791076,0.9764368353860715
14,0.233333,-655.3286743164062,85.7843246459961,1672.2083740234375,-0.005188474095632474,0.21565057565718312,0.002913170337206032,0.9764524680668644
15,0.25,-655.323974609375,85.77989959716797,1672.2049560546875,-0.005213757298530643,0.2155166690850606,0.0029699642246302504,0.9764817260931292
16,0.266667,-655.3192749023438,85.77547454833984,1672.2015380859375,-0.005239026296059964,0.2153827563074889,0.003026757666106001,0.9765109623690298
17,0.283333,-655.3132629394531,85.76991653442383,1672.1979370117188,-0.005284466819448366,0.2152113821226259,0.0030858012502925467,0.976548315878916
18,0.3,-655.3072509765625,85.76435852050781,1672.1943359375,-0.005329891462625069,0.21503999688239323,0.0031448368118718434,0.9765856347495818
19,0.316667,-655.3016357421875,85.7593994140625,1672.1923217773438,-0.00538246010352771,0.214884363013287,0.003185823907642797,0.9766194705112311
20,0.333333,-655.2960205078125,85.75444030761719,1672.1903076171875,-0.005435021727768208,0.2147287201254985,0.003226798551159194,0.9766532778131626
21,0.35,-655.2924194335938,85.75133895874023,1672.1898803710938,-0.00547336435250082,0.21463557208210224,0.003243090332393752,0.976673484765891
22,0.366667,-655.288818359375,85.74823760986328,1672.189453125,-0.00551170679125519,0.21454242116001335,0.0032593754838257803,0.9766936812954724
23,0.383333,-655.2870788574219,85.74740982055664,1672.1897583007812,-0.005521668657721802,0.214521096643495,0.0032588487122560757,0.9766983107260794
24,0.4,-655.2853393554688,85.74658203125,1672.1900634765625,-0.00553163074264748,0.2144997720597186,0.003258321450710447,0.9767029395824401
25,0.416667,-655.2848510742188,85.74712371826172,1672.1903686523438,-0.005517159370433612,0.21451918142639265,0.003250718095755616,0.9766987839577224
26,0.433333,-655.2843627929688,85.74766540527344,1672.190673828125,-0.005502687923750993,0.2145385905353785,0.0032431142466974425,0.9766946277146659
27,0.45,-655.2852172851562,85.74789047241211,1672.1912841796875,-0.005484282281858951,0.21454977109057874,0.0032328442890609344,0.9766923093229699
28,0.466667,-655.2860717773438,85.74811553955078,1672.19189453125,-0.005465876571520338,0.21456095131640926,0.0032225739762362887,0.9766899904168518
29,0.483333,-655.2885131835938,85.7475700378418,1672.1932983398438,-0.00546353835286347,0.21453339406799365,0.0032142496516407363,0.9766960843463594
30,0.5,-655.2909545898438,85.74702453613281,1672.1947021484375,-0.0054612005794581475,0.21450583662400763,0.003205925254115692,0.9767021774244852
31,0.516667,-655.2936096191406,85.7466926574707,1672.1967163085938,-0.005476579001461073,0.21444473379448598,0.0032055448349257248,0.976715510121839
32,0.533333,-655.2962646484375,85.7463607788086,1672.19873046875,-0.005491958305122222,0.2143836301951243,0.003205162270744658,0.9767288387434627
33,0.55,-655.2981262207031,85.74699020385742,1672.2003784179688,-0.005511883246482814,0.2143149616732629,0.003211545196665394,0.9767437751649687
34,0.566667,-655.2999877929688,85.74761962890625,1672.2020263671875,-0.005531808416087475,0.21424629192431818,0.003217925446643966,0.9767587063590206
35,0.583333,-655.3015441894531,85.7488784790039,1672.202392578125,-0.0055443784377924125,0.21419543457010412,0.0032253556342027767,0.9767697644573646
36,0.6,-655.3031005859375,85.75013732910156,1672.2027587890625,-0.005556948169755186,0.21414457648615895,0.003232784734088946,0.9767808197295159
37,0.616667,-655.3046569824219,85.75096893310547,1672.2017211914062,-0.005560377463068618,0.21412042582666943,0.0032403560117663754,0.9767860694846088
38,0.633333,-655.3062133789062,85.75180053710938,1672.20068359375,-0.005563806413495762,0.21409627499724848,0.003247927274144258,0.9767913185828987
39,0.65,-655.307373046875,85.75167083740234,1672.198974609375,-0.005563930073378351,0.21408950344370153,0.003254048081794988,0.976792781693461
40,0.666667,-655.3085327148438,85.75154113769531,1672.197265625,-0.0055640536401635665,0.21408273188717114,0.003260168926350942,0.9767942447175795
41,0.683333,-655.3095703125,85.7513542175293,1672.1956176757812,-0.005566357918570048,0.21408447753051105,0.0032580637952559642,0.9767938560209706
42,0.7,-655.3106079101562,85.75116729736328,1672.1939697265625,-0.005568662184855972,0.21408622318590106,0.0032559586766846764,0.9767934673085008
43,0.716667,-655.3116760253906,85.75188446044922,1672.1932983398438,-0.005573418327515705,0.21409913006975825,0.00324516346036918,0.9767906471837428
44,0.733333,-655.312744140625,85.75260162353516,1672.192626953125,-0.0055781740963719885,0.21411203705973145,0.003234368513000497,0.9767878267158149
45,0.75,-655.3136291503906,85.75359344482422,1672.1931762695312,-0.005583336027904939,0.21413348591313225,0.0032253903359133387,0.9767831250726391
46,0.766667,-655.3145141601562,85.75458526611328,1672.1937255859375,-0.005588497414201418,0.2141549347885968,0.0032164125891171367,0.9767784228229042
47,0.783333,-655.315185546875,85.75474548339844,1672.1956787109375,-0.005592798504259486,0.21416044891142128,0.0032188428858146716,0.9767771812329696
48,0.8,-655.3158569335938,85.7549057006836,1672.1976318359375,-0.005597099601560257,0.21416596301063778,0.0032212732233337983,0.9767759395903428
49,0.816667,-655.3159484863281,85.75432586669922,1672.2024536132812,-0.0055902398752759605,0.21413192124612762,0.0032356751054963013,0.9767833945804928
50,0.833333,-655.3160400390625,85.75374603271484,1672.207275390625,-0.005583378806702086,0.21409787949500864,0.003250077974107602,0.9767908480683077
51,0.85,-655.3151550292969,85.75318908691406,1672.2174072265625,-0.00554418272744768,0.2140329811637387,0.003271291361401991,0.9768052229922176
52,0.866667,-655.3142700195312,85.75263214111328,1672.2275390625,-0.005504981075888901,0.21396808414533583,0.0032925117781408175,0.9768195910794988
53,0.883333,-655.3129577636719,85.7524299621582,1672.2415771484375,-0.005432088350748231,0.21390684504760699,0.0033132111824317675,0.9768333413073027
54,0.9,-655.3116455078125,85.75222778320312,1672.255615234375,-0.0053591884763946485,0.21384560970565888,0.0033339218532975755,0.976847080803114
55,0.916667,-655.3106079101562,85.75246810913086,1672.2679443359375,-0.005286749523295676,0.21381904690720227,0.003345623549982339,0.976853250116022
56,0.933333,-655.3095703125,85.7527084350586,1672.2802734375,-0.00521430801447589,0.21379248703978904,0.003357329893874085,0.9768594125119824
57,0.95,-655.3094177246094,85.75349044799805,1672.2847900390625,-0.005180455167668568,0.21381090463314822,0.0033531710239153613,0.9768555759109403
58,0.966667,-655.3092651367188,85.7542724609375,1672.289306640625,-0.005146602722528948,0.2138293221223063,0.0033490108245740244,0.9768517377819566
59,0.983333,-655.3106384277344,85.75492095947266,1672.2836303710938,-0.005166068331587521,0.21388181762529365,0.0033288987012372005,0.9768402112222505
60,1.0,-655.31201171875,85.75556945800781,1672.2779541015625,-0.005185530562118596,0.21393431353799575,0.003308789867349178,0.9768286808204546
61,1.016667,-655.314697265625,85.7547836303711,1672.2651977539062,-0.0052480143132720165,0.2139967194358051,0.0032834416964220123,0.9768147631087007
62,1.033333,-655.3173828125,85.75399780273438,1672.25244140625,-0.005310490750497298,0.21405912893608717,0.0032581038084320345,0.9768008357729255
63,1.05,-655.3194885253906,85.75151062011719,1672.2398681640625,-0.005384388224072678,0.2141044890158752,0.0032417983270196784,0.9767905440217521
64,1.066667,-655.3215942382812,85.7490234375,1672.227294921875,-0.005458280805739028,0.214149852573002,0.003225501115374508,0.9767802434305077
65,1.083333,-655.3219604492188,85.74600601196289,1672.2210083007812,-0.005505461612993959,0.21416572910672627,0.0032213821882580403,0.9767765113194571
66,1.1,-655.3223266601562,85.74298858642578,1672.2147216796875,-0.00555264154716209,0.21418160653010604,0.0032172650195718623,0.9767727764438491
67,1.116667,-655.3217468261719,85.74124908447266,1672.2163696289062,-0.005549733815636774,0.214176669412676,0.003218966691283002,0.9767738699347506
68,1.133333,-655.3211669921875,85.73950958251953,1672.218017578125,-0.005546826051221228,0.21417173230310035,0.003220668403270878,0.9767749633861849
69,1.15,-655.3209838867188,85.74041366577148,1672.2259521484375,-0.005494253531220255,0.214160280632981,0.0032296089254765887,0.9767777418653263
70,1.166667,-655.32080078125,85.74131774902344,1672.23388671875,-0.0054416801925716764,0.21414883061475123,0.0032385509114046395,0.9767805169284502
71,1.183333,-655.3220520019531,85.74459838867188,1672.2454223632812,-0.005363370487836123,0.2141402013346721,0.003267439088566398,0.9767827456866541
72,1.2,-655.3233032226562,85.74787902832031,1672.2569580078125,-0.005285059550615971,0.2141315785464604,0.003296329043152126,0.976784965808538
73,1.216667,-655.3284912109375,85.7522087097168,1672.26806640625,-0.005220076955734884,0.2141281584825624,0.0033605347792158213,0.9767858462055237
74,1.233333,-655.3336791992188,85.75653839111328,1672.2791748046875,-0.005155093662428708,0.21412474935789835,0.0034247412168476685,0.9767867156495047
75,1.25,-655.3446960449219,85.76086807250977,1672.2861328125,-0.005131339074780607,0.2141184758271407,0.003533622206742069,0.976787828129969
76,1.266667,-655.355712890625,85.76519775390625,1672.2930908203125,-0.005107582881349747,0.21411221077989662,0.003642504107869596,0.9767889259998189
77,1.283333,-655.3690185546875,85.76836013793945,1672.2953491210938,-0.005117474373400153,0.2140890342034627,0.0037770923151839633,0.9767934430899445
78,1.3,-655.38232421875,85.77152252197266,1672.297607421875,-0.005127359151378244,0.2140658589434421,0.003911682829144574,0.9767979407023661
79,1.316667,-655.3902587890625,85.77182006835938,1672.2963256835938,-0.005146013715631179,0.2140158256496512,0.004017028317407388,0.9768083785460862
80,1.333333,-655.398193359375,85.7721176147461,1672.2950439453125,-0.005164657310788257,0.21396579027784599,0.004122376583781384,0.9768188024996961
81,1.35,-655.3973083496094,85.76846313476562,1672.2907104492188,-0.005188192921005086,0.21390780563024525,0.004147244636037228,0.9768312718717581
82,1.366667,-655.3964233398438,85.76480865478516,1672.286376953125,-0.005211726525173655,0.2138498192513711,0.0041721109497534214,0.9768437368397289
83,1.383333,-655.3929748535156,85.7574348449707,1672.2789916992188,-0.005250894440104522,0.21386343784699446,0.004109799865844678,0.976840809756076
84,1.4,-655.3895263671875,85.75006103515625,1672.2716064453125,-0.005290059955342099,0.21387706292539455,0.0040474907663289265,0.976837875513932
85,1.416667,-655.3973693847656,85.74003601074219,1672.2654418945312,-0.005331513942292268,0.21409860893982074,0.0039332758199507965,0.9767895832524225
86,1.433333,-655.4052124023438,85.73001098632812,1672.25927734375,-0.005372901684970387,0.21432015763550602,0.003819105118108384,0.9767412228398434
87,1.45,-655.4354553222656,85.71893310546875,1672.2623901367188,-0.005379252612690662,0.21487166095585608,0.003688414303553728,0.9766205140991693
88,1.466667,-655.4656982421875,85.70785522460938,1672.2655029296875,-0.005385433608282471,0.21542310173794244,0.003557798371588959,0.9764994758898757
89,1.483333,-655.5119018554688,85.69604110717773,1672.280517578125,-0.0053524756270645416,0.21620933357247243,0.003429549243067168,0.9763263354395386
90,1.5,-655.55810546875,85.6842269897461,1672.2955322265625,-0.005319305889896577,0.2169954205380107,0.003301335991103415,0.9761525462913342
91,1.516667,-655.5946350097656,85.66843795776367,1672.3109130859375,-0.0053016209121493135,0.2175501575837179,0.0032341082896743642,0.9760293859790156
92,1.533333,-655.6311645507812,85.65264892578125,1672.3262939453125,-0.005283856540235567,0.21810482305443898,0.0031668936470992575,0.9759059062251249
93,1.55,-655.6420593261719,85.62936401367188,1672.3253173828125,-0.005306744970740548,0.21801353162357345,0.003237001854497672,0.9759259502164223
94,1.566667,-655.6529541015625,85.6060791015625,1672.3243408203125,-0.005329620823674679,0.21792223615168962,0.0033071114577443634,0.9759459806497126
95,1.583333,-655.6581115722656,85.5757064819336,1672.305419921875,-0.005323801132961399,0.2175517869938826,0.0034436724796633434,0.976028185165325
96,1.6,-655.6632690429688,85.54533386230469,1672.2864990234375,-0.005317863001083424,0.2171813128311356,0.003580286621382831,0.9761102290406319
97,1.616667,-655.7003173828125,85.50840377807617,1672.272216796875,-0.0052126448923382205,0.21754568820311157,0.0035409916401712583,0.976029796295003
98,1.633333,-655.7373657226562,85.47147369384766,1672.2579345703125,-0.005107429329639526,0.21791002744631538,0.0035016232900704903,0.9759492162701516
99,1.65,-655.8175048828125,85.42790603637695,1672.2784423828125,-0.004923864953978967,0.21957363109747854,0.0031277383742486387,0.9755784916311172
100,1.666667,-655.8976440429688,85.38433837890625,1672.2989501953125,-0.004739151050367055,0.22123649173294987,0.0027537570468110016,0.9752047846453304
101,1.683333,-655.9874572753906,85.34309005737305,1672.3606567382812,-0.004556237052298783,0.22359860446704158,0.002191406358076914,0.9746682012472185
102,1.7,-656.0772705078125,85.30184173583984,1672.42236328125,-0.004370652589107286,0.22595927036370872,0.0016293884971938942,0.9741255825743265
103,1.716667,-656.1307067871094,85.28117370605469,1672.4966430664062,-0.0042564233211171846,0.2278141971761317,0.001199610131854308,0.9736945801230679
104,1.733333,-656.1841430664062,85.26050567626953,1672.5709228515625,-0.004140534083302137,0.22966824213848397,0.0007701689758045677,0.9732598632278392
105,1.75,-656.1828002929688,85.27906036376953,1672.6211547851562,-0.004105387532821326,0.23026423723228262,0.0006604540795341907,0.9731192581823923
106,1.766667,-656.1814575195312,85.29761505126953,1672.67138671875,-0.0040701067418031055,0.23086014110474407,0.0005507607235992985,0.9729782762954337
107,1.783333,-656.1331787109375,85.36592864990234,1672.6812744140625,-0.004079612799184778,0.2302096711608797,0.000718252937652478,0.9731322357090665
108,1.8,-656.0848999023438,85.43424224853516,1672.691162109375,-0.004088868158998268,0.22955910239477142,0.0008858460995739408,0.9732857313972978
109,1.816667,-656.0043334960938,85.53700637817383,1672.6603393554688,-0.004149573274331515,0.22810434048639638,0.0011603574191339041,0.9736271588568013
110,1.833333,-655.9237670898438,85.6397705078125,1672.6295166015625,-0.0042094207751807895,0.22664905410362238,0.001435084517028191,0.9739663380133319
111,1.85,-655.8306884765625,85.73452758789062,1672.561767578125,-0.004385433105254372,0.22502762126466724,0.0015946249421023278,0.9743412106730059
112,1.866667,-655.7376098632812,85.82928466796875,1672.4940185546875,-0.004561102343135164,0.22340551895620334,0.001753781744878476,0.9747133397542664
113,1.883333,-655.6537475585938,85.87933731079102,1672.4035034179688,-0.0048730154302284705,0.22225648440124607,0.001593754338151864,0.9749747529086716
114,1.9,-655.5698852539062,85.92938995361328,1672.31298828125,-0.005185680262532786,0.22110727964586338,0.0014327339390901171,0.975234652215189
115,1.916667,-655.5047912597656,85.93220520019531,1672.2294921875,-0.00552822195583306,0.2206823160820199,0.0009306403854761367,0.9753296304527794
116,1.933333,-655.439697265625,85.93502044677734,1672.14599609375,-0.005871388569451204,0.22025777275901964,0.0004280078469826677,0.9754239371395319
117,1.95,-655.3915405273438,85.92267990112305,1672.0977783203125,-0.006100078681464302,0.22028794427188123,-0.00012138431416047316,0.9754158066765153
118,1.966667,-655.3433837890625,85.91033935546875,1672.049560546875,-0.006328726515534839,0.22031847344408081,-0.0006707455753422785,0.9754072316629268
119,1.983333,-655.3284912109375,85.92464447021484,1672.038330078125,-0.0064601926184861625,0.22036278075112978,-0.0006932708631142501,0.9753963451574297
120,2.0,-655.3135986328125,85.93894958496094,1672.027099609375,-0.006591650625053703,0.22040709835116384,-0.0007157819388591952,0.9753854360173078
121,2.016667,-655.3795471191406,85.99547958374023,1672.0473022460938,-0.006705824053695914,0.2201432957554298,0.000392998621788148,0.9754444150282379
122,2.033333,-655.4454956054688,86.05200958251953,1672.0675048828125,-0.006819370435896202,0.2198795081523058,0.001501992458453419,0.9755020461794085
123,2.05,-655.6089477539062,86.12348175048828,1672.14501953125,-0.006683048072512598,0.21918563425716808,0.003810806938260794,0.9756528441788208
124,2.066667,-655.7723999023438,86.19495391845703,1672.2225341796875,-0.0065430383599340775,0.21849364151476117,0.006121352066541195,0.9757972362717149
125,2.083333,-655.9523010253906,86.23343658447266,1672.388916015625,-0.005711691864815906,0.2175575485617893,0.008772511594361158,0.9759913589167442
126,2.1,-656.1322021484375,86.27191925048828,1672.5552978515625,-0.004874033751330886,0.21662789216075715,0.011427725614595844,0.976175192893292
127,2.116667,-656.2200927734375,86.25607681274414,1672.7817993164062,-0.003361255941081267,0.21583424742067767,0.01330145155504223,0.9763336268844667
128,2.133333,-656.3079833984375,86.240234375,1673.00830078125,-0.0018439874066740938,0.21504795886370387,0.015179264262796158,0.9764837761250511
129,2.15,-656.2935485839844,86.19558334350586,1673.2077026367188,-0.0003201849888509241,0.2146186614589232,0.01593033794796274,0.9765679453924425
130,2.166667,-656.2791137695312,86.15093231201172,1673.4071044921875,0.001204976481730741,0.21419246732522795,0.01668321920766167,0.9766482504820653
131,2.183333,-656.2326965332031,86.11551284790039,1673.5151977539065,0.002105038524510069,0.21406944435195263,0.01673776554192924,0.9766727645492732
132,2.2,-656.186279296875,86.08009338378906,1673.623291015625,0.003005224585714251,0.2139467145689812,0.016792583053976722,0.9766963607512336
133,2.216667,-656.158203125,86.06689834594727,1673.6490478515625,0.003251295114577482,0.21396541434420135,0.016652401987310685,0.976693876325968
134,2.233333,-656.130126953125,86.05370330810547,1673.6748046875,0.0034973674170324805,0.213984058766225,0.01651221361876206,0.9766913216653926
135,2.25,-656.1238708496094,86.05403518676758,1673.664794921875,0.0034335803785774835,0.2140252217468308,0.01641212795952786,0.976684215618254
136,2.266667,-656.1176147460938,86.05436706542969,1673.65478515625,0.0033698051147559444,0.21406640135977673,0.01631205196459185,0.9766770895147833
137,2.283333,-656.1204833984375,86.05774307250977,1673.6423950195312,0.003271085086142419,0.21408746020932087,0.016283672967114138,0.9766732828219382
138,2.3,-656.1233520507812,86.06111907958984,1673.6300048828125,0.003172368407929318,0.21410852745241554,0.01625529939022508,0.9766694629159739
139,2.316667,-656.1266479492188,86.0631332397461,1673.624755859375,0.0031264778978198743,0.21411167312063312,0.01626176439706728,0.9766688136661946
140,2.333333,-656.1299438476562,86.06514739990234,1673.6195068359375,0.0030805874867421744,0.21411481865356566,0.01626822974736605,0.9766681622304344
141,2.35,-656.1312866210938,86.06558990478516,1673.6192016601562,0.00307585780438127,0.21411171993407485,0.01627905795217471,0.9766686760400527
142,2.366667,-656.1326293945312,86.06603240966797,1673.618896484375,0.0030711281837288293,0.21410862113518972,0.016289886153157362,0.9766691897138887
143,2.383333,-656.1326599121094,86.0658187866211,1673.6199951171875,0.003079226829936421,0.21410594360208898,0.016295048287531665,0.9766696650749914
144,2.4,-656.1326904296875,86.06560516357422,1673.62109375,0.003087325528043529,0.21410326617882686,0.016300210484540712,0.9766701403087955
145,2.416667,-656.1324157714844,86.06536865234375,1673.6217651367188,0.0030934849391091677,0.21410233400912568,0.01630080993654632,0.9766703151617688
146,2.433333,-656.1321411132812,86.06513214111328,1673.6224365234375,0.0030996443570162954,0.21410140185614981,0.016301409402725897,0.9766704899706841
147,2.45,-656.1319274902344,86.06502914428711,1673.6226806640625,0.0031015205257405904,0.21410150307394504,0.016300541429349318,0.9766704763127715
148,2.466667,-656.1317138671875,86.06492614746094,1673.6229248046875,0.003103396694496438,0.21410160428924363,0.0162996734556707,0.976670462651025
149,2.483333,-656.1317138671875,86.06491088867188,1673.6228637695312,0.003103087110437633,0.21410188651939427,0.01629899880300472,0.9766704130243945
150,2.5,-656.1317138671875,86.06489562988281,1673.622802734375,0.003102777526889965,0.21410216875010485,0.016298324150706336,0.976670363396985
151,2.516667,-656.1317138671875,86.06489944458008,1673.6227416992188,0.0031021427810178975,0.2141023264943451,0.016298125995699735,0.9766703341398791
152,2.533333,-656.1317138671875,86.06490325927734,1673.6226806640625,0.0031015080353122824,0.21410248423895362,0.016297927840954848,0.9766703048822087
153,2.55,-656.1317138671875,86.06492614746094,1673.6226196289065,0.0031011797045475344,0.21410251916227904,0.016297964366410154,0.9766702976595107
154,2.566667,-656.1317138671875,86.06494903564453,1673.62255859375,0.0031008513737911486,0.21410255408560402,0.016298000891891994,0.9766702904366993
155,2.583333,-656.1317443847656,86.06505584716797,1673.62255859375,0.00310074169629621,0.21410239767282366,0.016298012824361132,0.9766703248740887
156,2.6,-656.1317749023438,86.0651626586914,1673.62255859375,0.0031006320187882304,0.21410224126003805,0.016298024756791853,0.9766703593114411
157,2.616667,-656.1318969726562,86.06538391113281,1673.62255859375,0.003100529773401514,0.21410190499074583,0.016297883083482234,0.9766704357158842
158,2.633333,-656.1320190429688,86.06560516357422,1673.62255859375,0.0031004275278699385,0.214101568721467,0.016297741410042185,0.9766705121201739
159,2.65,-656.1321105957031,86.06575393676758,1673.6224975585938,0.0031003409897500545,0.2141012404768352,0.01629754490525052,0.9766705876302865
160,2.666667,-656.1322021484375,86.06590270996094,1673.6224365234375,0.0031002544514532617,0.21410091223222708,0.01629734840032608,0.9766706631402331
161,2.683333,-656.1319274902344,86.06536865234375,1673.622497558594,0.003100571503279793,0.2141014480565663,0.016297556988614625,0.9766705411921859
162,2.7,-656.1316528320312,86.06483459472656,1673.62255859375,0.0031008885546820126,0.2141019838810189,0.01629776557639654,0.976670419243667
163,2.716667,-656.130615234375,86.06283187866211,1673.6227416992188,0.0031021999201844962,0.21410471744457696,0.016299159759494433,0.976669792567973
164,2.733333,-656.1295776367188,86.06082916259766,1673.6229248046875,0.0031035112733971307,0.21410745101129278,0.016300553930412166,0.9766691658800253
165,2.75,-656.1281127929688,86.05788040161133,1673.6232299804688,0.0031056366021479306,0.21411229862487594,0.016303259559955863,0.9766680512469873
166,2.766667,-656.1266479492188,86.054931640625,1673.62353515625,0.003107761890613972,0.21411714624846154,0.016305965152278938,0.9766669365750532
167,2.783333,-656.1270141601562,86.05564880371094,1673.6235961914062,0.0031077907204799774,0.21411826104519394,0.01630713516750311,0.9766666725482388
168,2.8,-656.1273803710938,86.05636596679688,1673.6236572265625,0.0031078195473231776,0.21411937584204682,0.01630830518131647,0.9766664085186848
169,2.816667,-656.1346435546875,86.07049942016602,1673.6226806640625,0.0030990418822020374,0.21410207240675044,0.01630007027510281,0.9766703672373672
170,2.833333,-656.1419067382812,86.08463287353516,1673.6217041015625,0.003090263739883285,0.21408476909547933,0.016291834872180777,0.9766743254677328
171,2.85,-656.1589965820312,86.11809921264648,1673.61865234375,0.003067491350259494,0.21403551686541486,0.016265716179043387,0.9766856272589218
172,2.866667,-656.1760864257812,86.15156555175781,1673.6156005859375,0.0030447149005861616,0.21398626566596135,0.016239593579683544,0.9766969250580639
173,2.883333,-656.1900329589844,86.1791000366211,1673.612060546875,0.0030224794349661224,0.2139312349887159,0.016206468177930318,0.976709599473388
174,2.9,-656.2039794921875,86.20663452148438,1673.6085205078125,0.0030002385801807096,0.2138762056063239,0.0161733380885154,0.9767222688046884
175,2.916667,-656.1688232421875,86.13849258422852,1673.6119384765625,0.0030375964354148097,0.2139390012263469,0.01619652409493114,0.9767080164355215
176,2.933333,-656.1336669921875,86.07035064697266,1673.6153564453125,0.0030749486339375315,0.21400179830190277,0.016219703194562875,0.9766937576552492
177,2.95,-655.9848937988281,85.78000259399414,1673.6389770507812,0.0032639449814872946,0.21439272072009086,0.016417429004596272,0.9766041040208022
178,2.966667,-655.8361206054688,85.48965454101562,1673.66259765625,0.0034526907317997684,0.21478370752416928,0.016614904896854216,0.9765142000217666
179,2.983333,-655.5986022949219,85.0240592956543,1673.7092895507812,0.0037850225645339633,0.21553059790327414,0.017028665824293864,0.976341261809562
180,3.0,-655.361083984375,84.55846405029297,1673.7559814453125,0.004116395485684355,0.21627772724490224,0.017441532613124526,0.9761674000529266
181,3.016667,-655.3672485351562,84.56507110595703,1673.7781982421875,0.00418700256618211,0.21657918476787458,0.017685978330705274,0.9760958620470017
182,3.033333,-655.3734130859375,84.5716781616211,1673.8004150390625,0.004257418291817184,0.21688067466801456,0.017930297720805705,0.9760241553202864
183,3.05,-656.3771667480469,86.52539062499999,1673.6634521484377,0.0030632287362616986,0.21454961500987285,0.01684602895577273,0.9765629988061426
184,3.066667,-657.3809204101562,88.4791030883789,1673.5264892578125,0.001860441179453619,0.21222079125163,0.01575269272657534,0.9770929982304714
185,3.083333,-659.9449768066406,93.4918098449707,1673.0806884765625,-0.0014821829917170697,0.20492147101640437,0.011966862516542415,0.9787041371382682
186,3.1,-662.509033203125,98.5045166015625,1672.6348876953125,-0.004909981674141389,0.19764445694156896,0.008098764420199417,0.9802280197663695
187,3.116667,-665.9268493652344,105.24102783203125,1671.8906860351562,-0.00973372741472106,0.18642136067313061,0.001706498912722115,0.9824201843899866
188,3.133333,-669.3446655273438,111.9775390625,1671.146484375,-0.014756512624926546,0.17525443440067953,-0.004863401014152281,0.9844005667860131
189,3.15,-672.015869140625,117.4329833984375,1670.277099609375,-0.01914414582247807,0.1655269488990987,-0.011557272993655643,0.9859517028282031
190,3.166667,-674.6870727539062,122.888427734375,1669.40771484375,-0.023695406416718946,0.15585720925248692,-0.01838351580871154,0.9873242144226403
191,3.183333,-675.8240661621094,125.73030853271482,1668.5509033203125,-0.02672335068899317,0.15233864801159658,-0.022533369566538165,0.9877100010154446
192,3.2,-676.9610595703125,128.5721893310547,1667.694091796875,-0.02978789865716971,0.1488484743791053,-0.0267137798016285,0.9880501944422223
193,3.216667,-676.9756774902344,129.8076934814453,1666.9032592773438,-0.03222592771933723,0.15115004795264472,-0.02738709818726539,0.9876057408902715
194,3.233333,-676.9902954101562,131.04319763183594,1666.1124267578125,-0.0346563255071497,0.1534552341906982,-0.02804707101136323,0.9871493260948437
195,3.25,-676.483154296875,131.94634246826172,1665.465087890625,-0.037325073228272485,0.1581691019114752,-0.02686063698834065,0.9863406512405346
196,3.266667,-675.9760131835938,132.8494873046875,1664.8177490234375,-0.039993621478979474,0.16287410682610465,-0.025648095724274345,0.9855022631898485
197,3.283333,-675.189453125,133.88148498535156,1664.4261474609375,-0.04278786974181461,0.16747071903035027,-0.025295843257091038,0.9846232156435922
198,3.3,-674.4028930664062,134.91348266601562,1664.0345458984375,-0.04557245527805384,0.17206298255194374,-0.024914252395612013,0.9837157929924818
199,3.316667,-673.349853515625,136.0271224975586,1663.9657592773438,-0.04814679724560596,0.17629420233523418,-0.027361890583584382,0.9827784933959768
200,3.333333,-672.2968139648438,137.14076232910156,1663.89697265625,-0.050687322530716415,0.18053782223057932,-0.029775669824044098,0.9818097063919446
201,3.35,-670.9763488769531,138.24002838134766,1664.1294555664062,-0.05329114920878432,0.18568636523476623,-0.035416234159702215,0.9805234915798057
202,3.366667,-669.6558837890625,139.33929443359375,1664.3619384765625,-0.055817285767302355,0.19086856712325137,-0.040999862645559215,0.9791693581587065
203,3.383333,-668.1443176269531,140.48294067382812,1664.8035278320312,-0.059391344990004216,0.19772555261457056,-0.04881832777331902,0.9772379673636088
204,3.4,-666.6327514648438,141.6265869140625,1665.2451171875,-0.06281890217777196,0.2046480280873647,-0.056526435914942295,0.9751808715166057
205,3.416667,-665.0498962402344,143.00445556640625,1665.781494140625,-0.06846206797317904,0.21224565368917095,-0.06494849292573462,0.9726491767361797
206,3.433333,-663.467041015625,144.38232421875,1666.31787109375,-0.07391154296241872,0.21995657183439005,-0.07320084643760086,0.9699473317683781
207,3.45,-661.9258422851562,146.18750000000003,1666.8744506835938,-0.08223614438598105,0.2262776842181375,-0.08091608790110603,0.9672063962258446
208,3.466667,-660.3846435546875,147.99267578125,1667.4310302734375,-0.09039110475363374,0.23276260111039257,-0.0884580876937426,0.9642749537488299
209,3.483333,-658.9879760742188,150.3012237548828,1668.006591796875,-0.10119963463261475,0.23586578318124027,-0.09465927950021447,0.9618552838546066
210,3.5,-657.59130859375,152.60977172851562,1668.5821533203125,-0.11193011324620727,0.23915723872799,-0.1007771438874533,0.9592285609710449
211,3.516667,-656.4154357910156,155.3495864868164,1669.2233276367188,-0.12428136575291142,0.23773802209771763,-0.10504366873110271,0.9576014842486233
212,3.533333,-655.2395629882812,158.0894012451172,1669.864501953125,-0.13665308877465596,0.236479361100925,-0.10937191080134553,0.9557411941678076
213,3.55,-654.2965393066406,161.07213592529294,1670.619873046875,-0.1492163251707985,0.23046696209541234,-0.11154660366971178,0.955079485118797
214,3.566667,-653.353515625,164.05487060546875,1671.375244140625,-0.16182555600409745,0.2245378230961906,-0.11388707551105806,0.9541619304157587
215,3.583333,-652.6147155761719,167.0279541015625,1672.2562255859375,-0.17313221849887656,0.21570176991043485,-0.11424449816818252,0.9541730325331267
216,3.6,-651.8759155273438,170.00103759765625,1673.13720703125,-0.1844355758488911,0.20687098578269086,-0.1147722207237855,0.9539471950546929
217,3.616667,-651.3744812011719,172.75667572021484,1674.0648193359375,-0.19270992918853433,0.19905220698222523,-0.11481337419222093,0.9539701207030817
218,3.633333,-650.873046875,175.51231384277344,1674.992431640625,-0.20096302282368433,0.1912247158692235,-0.11495343328288307,0.9538514977053713
219,3.65,-650.7688293457031,178.03053283691406,1675.7474365234375,-0.20406292950954863,0.19015664015888,-0.11804301280963198,0.9530291811535953
220,3.666667,-650.6646118164062,180.5487518310547,1676.50244140625,-0.20717044492356818,0.1891120834383829,-0.12114114806990275,0.952177425111555
221,3.683333,-651.0838623046875,182.97171783447263,1676.8304443359377,-0.20426421548220267,0.19903263182903275,-0.13043644686684333,0.9495517232196475
222,3.7,-651.5031127929688,185.39468383789062,1677.158447265625,-0.2011338527611168,0.2088926737821373,-0.13966204356554426,0.9467858985540052
223,3.716667,-652.2525024414062,187.78076171875,1677.0555419921875,-0.1952043264694668,0.22611205948295018,-0.15400562319088384,0.9418337833766467
224,3.733333,-653.0018920898438,190.16683959960938,1676.95263671875,-0.18863409307835816,0.24311473892804358,-0.1681317001019713,0.9365063449145848
225,3.75,-653.680419921875,192.37899780273438,1676.7183227539062,-0.18487706765314812,0.25780763699553216,-0.1824088165455647,0.9306356514819318
226,3.766667,-654.3589477539062,194.59115600585938,1676.4840087890625,-0.18056990038993848,0.2723751412874818,-0.19639901114609,0.924464018717132
227,3.783333,-654.8396911621094,196.4457015991211,1676.35400390625,-0.18117685038365197,0.2790475783075262,-0.2068901235395223,0.9200564519134498
228,3.8,-655.3204345703125,198.3002471923828,1676.2239990234375,-0.1816161741177004,0.2857665472864003,-0.21725151412726354,0.91550796029323
229,3.816667,-655.8473510742188,199.66682434082034,1676.1154174804688,-0.1845633003783772,0.2857038936874692,-0.2236737167638092,0.9133891513009794
230,3.833333,-656.374267578125,201.0334014892578,1676.0068359375,-0.18751929431873704,0.28570137196917156,-0.2300919024216054,0.9111909551532776
231,3.85,-657.1629028320312,201.81260681152344,1675.6908569335938,-0.1905153956259021,0.28114517377533527,-0.2330126392138368,0.911244415762832
232,3.866667,-657.9515380859375,202.59181213378906,1675.3748779296875,-0.19352135664330541,0.27659438448273016,-0.23594108450999404,0.9112501498687405
233,3.883333,-658.8960266113281,202.74105072021484,1674.7420043945312,-0.19603580893282813,0.26899044924493126,-0.23556892565329413,0.9130834469519281
234,3.9,-659.8405151367188,202.89028930664062,1674.109130859375,-0.1984873130952397,0.26135135371213153,-0.23515804250633007,0.9148764678893319
235,3.916667,-660.612548828125,202.56622314453125,1673.2579345703125,-0.20039420215426662,0.25381129890976906,-0.23292416734827381,0.9171522886379362
236,3.933333,-661.3845825195312,202.24215698242188,1672.40673828125,-0.20221418467170596,0.24623784392175144,-0.23063820156439555,0.9193923905044383
237,3.95,-661.7316589355469,201.89732360839844,1671.5836181640625,-0.20326828075019507,0.24311973906474257,-0.2298985557149216,0.9201746859146606
238,3.966667,-662.0787353515625,201.552490234375,1670.760498046875,-0.20430925479122333,0.23999563799045934,-0.22915260323996184,0.9209500022154058
239,3.983333,-662.0075988769531,201.76698303222656,1670.2124633789062,-0.20523852885224753,0.24311576047556893,-0.2327985489916871,0.91900854667969
240,4.0,-661.9364624023438,201.98147583007812,1669.6644287109375,-0.20613767082339113,0.2462467286455527,-0.23641988085347568,0.9170471357766181
241,4.016667,-661.6782836914062,203.1457748413086,1669.4862060546875,-0.20860684461491596,0.2531153275669837,-0.24437266886828235,0.9125227745325919
242,4.033333,-661.4201049804688,204.31007385253906,1669.3079833984375,-0.21092738233321429,0.260045513538345,-0.2521988668061117,0.9078996100078189
243,4.05,-661.2624816894531,206.45040893554688,1669.3922119140625,-0.21617035881081037,0.2660319516989118,-0.2618113789579278,0.9021929829559869
244,4.066667,-661.1048583984375,208.5907440185547,1669.4764404296875,-0.2212649832194446,0.27218006899582103,-0.2712781821077318,0.8963079633444374
245,4.083333,-661.2095031738281,211.47440338134766,1669.6365966796875,-0.22921615062657055,0.2739534595942571,-0.2797323339619228,0.8911561477117745
246,4.1,-661.3141479492188,214.35806274414062,1669.7967529296875,-0.23712911887612417,0.27593101140847576,-0.2881436488042016,0.8857793718403751
247,4.116667,-661.6463623046875,217.77400207519523,1669.9698486328125,-0.24649718105742593,0.2736475451767748,-0.29454520793294886,0.8818158998528002
248,4.133333,-661.9785766601562,221.18994140625,1670.1429443359375,-0.2558746909193778,0.2715184063394761,-0.30098274176389317,0.8776191011629553
249,4.15,-662.3880004882812,225.142578125,1670.431884765625,-0.26482702584616596,0.26834792154846043,-0.30658881100848995,0.8739904692538105
250,4.166667,-662.7974243164062,229.09521484375,1670.7208251953125,-0.2737842184256262,0.2652938801920818,-0.3122339665708409,0.8701559107384936
251,4.183333,-663.1898803710938,233.76278686523438,1671.2359008789062,-0.2807691447959701,0.2647910674637933,-0.3189986521893015,0.8656178358971894
252,4.2,-663.5823364257812,238.43035888671875,1671.7509765625,-0.28774827650285023,0.2644171016403407,-0.3257566251884752,0.860910649763131
253,4.216667,-664.0457153320312,243.8776397705078,1672.4627685546875,-0.291985651532644,0.26777169737222,-0.33439672499363243,0.8551149207556786
254,4.233333,-664.5090942382812,249.32492065429688,1673.174560546875,-0.29616488474544067,0.271251453811796,-0.3429594804664806,0.8491688905081656
255,4.25,-665.2109375,255.1660919189453,1673.9302368164062,-0.2979721673945385,0.2765046728686184,-0.3520424839143394,0.8431036963858252
256,4.266667,-665.9127807617188,261.00726318359375,1674.6859130859375,-0.29968344115836365,0.2818367419250089,-0.36102086585739024,0.83691207448104
257,4.283333,-666.8807678222656,266.54364013671875,1675.3403930664062,-0.30050524280140795,0.2857786638742442,-0.3682936422071369,0.8320979193778337
258,4.3,-667.8487548828125,272.08001708984375,1675.994873046875,-0.301272998666415,0.289760783046508,-0.37550430052210676,0.8272060137427822
259,4.316667,-669.0415954589844,277.16334533691406,1676.5357666015625,-0.30317045622037564,0.29021705317786456,-0.3800908965799993,0.8242527809215437
260,4.333333,-670.2344360351562,282.2466735839844,1677.07666015625,-0.3050656692752989,0.2907021378412901,-0.3846624291174696,0.8212563668609
261,4.35,-671.7632751464844,287.71815490722656,1677.6301879882812,-0.30982572225947486,0.28725994353347034,-0.38741329395897584,0.8193904358310502
262,4.366667,-673.2921142578125,293.18963623046875,1678.1837158203125,-0.31457676053497086,0.2838295492691583,-0.3901679249477765,0.8174663534573983
263,4.383333,-675.235809326172,299.6967620849611,1678.8460693359375,-0.3223170868542268,0.27793559914370064,-0.39213201414776944,0.8155341695667022
264,4.4,-677.1795043945312,306.2038879394531,1679.5084228515625,-0.3300067053262749,0.2720299201742397,-0.39411631012744486,0.8134910147390823
265,4.416667,-679.3157958984375,313.1802215576172,1680.2079467773438,-0.3386795333970801,0.26621789278783553,-0.39551794417422703,0.8111656816296741
266,4.433333,-681.4520874023438,320.15655517578125,1680.907470703125,-0.3472866205153077,0.26039055703648006,-0.3969542359133471,0.8087126162041366
267,4.45,-683.4564208984375,326.7296600341797,1681.506103515625,-0.354446086895981,0.2563637599174466,-0.39778483369902284,0.8064817543901147
268,4.466667,-685.4607543945312,333.3027648925781,1682.104736328125,-0.3615624972682589,0.2523304582466483,-0.39864310109067014,0.8041676307605216
269,4.483333,-687.1709594726562,339.2713317871094,1682.5594482421875,-0.3662269330588582,0.2502658370637131,-0.3993003735428393,0.8023740125338373
270,4.5,-688.8811645507812,345.2398986816406,1683.01416015625,-0.37087474180403823,0.24820292185684908,-0.39996934773160564,0.8005446623072724
271,4.516667,-690.2859191894531,350.8088684082031,1683.379638671875,-0.3735661617753073,0.24765750397783373,-0.4007884037783894,0.7990511491116855
272,4.533333,-691.690673828125,356.3778381347656,1683.7451171875,-0.3762527520702714,0.24711719550506103,-0.4016096638514607,0.7975441280245107
273,4.55,-692.8526000976562,361.71478271484375,1684.09765625,-0.3779150791723733,0.24774047561849025,-0.40238693183627033,0.7961718449944433
274,4.566667,-694.0145263671875,367.0517272949219,1684.4501953125,-0.3795741148524888,0.2483681998975867,-0.40316215373812003,0.7947936879510448
275,4.583333,-695.0115966796875,372.2013854980469,1684.8416137695312,-0.38059685757264555,0.2500942736722298,-0.4036018005558311,0.7935392068891608
276,4.6,-696.0086669921875,377.3510437011719,1685.2330322265625,-0.38161415748960725,0.25182192271694087,-0.4040354706788523,0.7922825837262601
277,4.616667,-696.8907775878906,382.3227691650389,1685.6544189453125,-0.3818612034907675,0.25462343847510055,-0.40429325309616654,0.7911358235781125
278,4.633333,-697.7728881835938,387.29449462890625,1686.0758056640625,-0.3820978944041829,0.25742231615465,-0.40454053440676163,0.7899885481824132
279,4.65,-698.5692749023438,392.1682434082031,1686.4356689453125,-0.3816867856949239,0.26082899625384054,-0.4050406882911429,0.7888126984067437
280,4.666667,-699.3656616210938,397.0419921875,1686.7955322265625,-0.3812595828003286,0.2642297696299529,-0.40552829542555463,0.7876360587057105
281,4.683333,-700.1087341308594,401.9595642089844,1686.963134765625,-0.38083613518998527,0.26738755006761405,-0.4065100008324208,0.7862679921156779
282,4.7,-700.851806640625,406.87713623046875,1687.1307373046875,-0.38039673202592394,0.27054089852041285,-0.40748032107697774,0.7848985516783481
283,4.716667,-701.58349609375,411.9447937011719,1687.026611328125,-0.38057697331332524,0.27285588733031085,-0.4088823511531218,0.7832790403479161
284,4.733333,-702.315185546875,417.012451171875,1686.9224853515625,-0.3807464872212923,0.27517196621927753,-0.4102752558556924,0.7816563924821504
285,4.75,-703.081787109375,422.23223876953125,1686.5672607421875,-0.38159329375794526,0.2767615892844742,-0.41187307300954956,0.7798398249546921
286,4.766667,-703.848388671875,427.4520263671875,1686.2120361328125,-0.3824329103347091,0.27835679838217703,-0.41346338878806127,0.778017087228321
287,4.783333,-704.6768493652344,432.7446594238281,1685.6864624023438,-0.383545152297244,0.2797689973902104,-0.4150640570711321,0.776108402722334
288,4.8,-705.5053100585938,438.03729248046875,1685.160888671875,-0.3846506427101239,0.281188173172072,-0.41665749979739003,0.7741922385256967
289,4.816667,-706.3705139160156,443.3304748535156,1684.5198364257812,-0.3856109875245179,0.28272909706965604,-0.4182088492641951,0.7723145617995694
290,4.833333,-707.2357177734375,448.6236572265625,1683.8787841796875,-0.3865641996371321,0.284276133446207,-0.41975268916461855,0.770430320957612
291,4.85,-708.0592651367188,453.91319274902344,1683.1082153320312,-0.38727642370738125,0.28579250868298084,-0.4212596593513453,0.7686871359820572
292,4.866667,-708.8828125,459.2027282714844,1682.337646484375,-0.3879822103663406,0.28731360164603276,-0.422759865085949,0.7669385863424423
293,4.883333,-709.5733337402344,464.5402832031251,1681.3783569335938,-0.3886386396974733,0.28861497961204924,-0.42418518156007545,0.7653289051267304
294,4.9,-710.2638549804688,469.8778381347656,1680.4190673828125,-0.3892900391412675,0.2899204958192689,-0.42560502856780186,0.7637144303907714
295,4.916667,-710.7661437988281,475.33184814453125,1679.2214965820312,-0.3900819043227246,0.29117043371923595,-0.42690094956998376,0.7621098777105273
296,4.933333,-711.2684326171875,480.7858581542969,1678.02392578125,-0.39086890808869995,0.29242470649859426,-0.42819166587675994,0.7605006147219366
297,4.95,-711.5944213867188,486.4306640625,1676.5883178710938,-0.39183176690271515,0.29400744583805294,-0.42933916067578015,0.7587459214703545
298,4.966667,-711.92041015625,492.0754699707031,1675.1527099609375,-0.3927878478638261,0.2955948928894657,-0.4304798154585894,0.7569864558569774
299,4.983333,-712.1324768066406,498.0080261230469,1673.5252685546875,-0.39391567328922233,0.29768683175082933,-0.4314257569502884,0.7550396074240893
300,5.0,-712.3445434570312,503.9405822753906,1671.8978271484375,-0.39503361414854565,0.2997833852187523,-0.43236176275684957,0.7530880902957587
301,5.016667,-712.4991760253906,510.2804412841797,1670.14306640625,-0.3964538098708771,0.3021249439553252,-0.4329568943675881,0.7510613972894833
302,5.033333,-712.65380859375,516.6203002929688,1668.3883056640625,-0.39786269464135554,0.30447053568590265,-0.43354023583043894,0.7490299279921641
303,5.05,-712.7724304199219,523.4555053710938,1666.5718994140625,-0.39986855165529117,0.30653769827718297,-0.4336295055251466,0.7470644101214052
304,5.066667,-712.8910522460938,530.2907104492188,1664.7554931640625,-0.40186475463900473,0.30860805106463834,-0.4337088692970274,0.7450922134139586
305,5.083333,-712.9767761230469,537.5918579101562,1662.946044921875,-0.40461146860874336,0.3100979348854553,-0.4332956604671215,0.7432252019882081
306,5.1,-713.0625,544.8930053710938,1661.1365966796875,-0.40735009994044785,0.3115890069646518,-0.4328768995923954,0.7413472712680371
307,5.116667,-713.12158203125,552.4789123535154,1659.4091186523438,-0.4105459312372731,0.3127115815193831,-0.43212339761116847,0.739549102064999
308,5.133333,-713.1806640625,560.0648193359375,1657.681640625,-0.413733794306579,0.31383283196209033,-0.4313673200136418,0.7377367662354806
309,5.15,-713.236328125,567.6672973632812,1656.1048583984375,-0.4169293801428969,0.3149345623955048,-0.43042602242770495,0.736016000233335
310,5.166667,-713.2919921875,575.269775390625,1654.528076171875,-0.4201175306490567,0.3160334621420619,-0.4294824166735049,0.7342812574321413
311,5.183333,-713.3789367675781,582.624755859375,1653.142822265625,-0.4231181795379854,0.31716187930744366,-0.428459603100185,0.7326675350865927
312,5.2,-713.4658813476562,589.979736328125,1651.757568359375,-0.42611238437170584,0.3182868717873608,-0.4274341980227944,0.7310415237819851
313,5.216667,-713.5951538085938,596.8807678222656,1650.5824584960938,-0.42885205755313976,0.3193403375864411,-0.42650523881526414,0.7295210365614901
314,5.233333,-713.7244262695312,603.7817993164062,1649.4073486328125,-0.4315861305631925,0.3203910331423859,-0.4255739635307106,0.7279902467425006
315,5.25,-713.8780517578125,610.1104125976562,1648.4660034179688,-0.43391549506557875,0.32138909662416676,-0.42491071416101994,0.7265516338872743
316,5.266667,-714.0316772460938,616.4390258789062,1647.524658203125,-0.4362400970104657,0.32238602317294024,-0.42424517358709996,0.7251054147578042
317,5.283333,-714.2061157226562,622.1698608398438,1646.8365478515625,-0.43806403012322787,0.3234023375829481,-0.4238678767229359,0.7237726553555823
318,5.3,-714.3805541992188,627.9006958007812,1646.1484375,-0.43988408558683867,0.3244188075944864,-0.42348798290481016,0.7224350191274075
319,5.316667,-714.6097412109375,633.0791015625,1645.6760864257812,-0.4413618344689047,0.3254092047116941,-0.4233328357964608,0.7211781268866054
320,5.333333,-714.8389282226562,638.2575073242188,1645.2037353515625,-0.44283623969904884,0.3264004354221516,-0.4231751396565007,0.7199177881828851
321,5.35,-715.1602172851562,642.9782409667969,1644.8289794921875,-0.4442860944794525,0.32730492962600216,-0.4232127227497624,0.7185905235928493
322,5.366667,-715.4815063476562,647.698974609375,1644.4542236328125,-0.44573245756501295,0.328211030218225,-0.4232479295087742,0.7172595667418323
323,5.383333,-715.8830261230469,652.0927734375001,1644.0204467773438,-0.4473183618801464,0.32922720539593886,-0.4235336815903055,0.7156360464025024
324,5.4,-716.2845458984375,656.486572265625,1643.586669921875,-0.4488993805401715,0.3302465285787178,-0.42381604768022185,0.7140073768814102
325,5.416667,-716.7115173339844,660.6995544433594,1642.9635620117188,-0.4505449592727663,0.3317364630078586,-0.4244436795849499,0.711904292475699
326,5.433333,-717.1384887695312,664.9125366210938,1642.3404541015625,-0.45218240674586396,0.3332320685874585,-0.4250643786871397,0.7097941486556206
327,5.45,-717.57177734375,669.0733947753906,1641.4629516601562,-0.4537894019760611,0.33532632323922806,-0.42599777936904226,0.7072180198281958
328,5.466667,-718.0050659179688,673.2342529296875,1640.58544921875,-0.4553835601995641,0.3374285799839629,-0.42691897185884126,0.7046332081139562
329,5.483333,-718.5067749023438,677.4324645996094,1639.45703125,-0.45697649687310793,0.33994895768008543,-0.42793067506944854,0.701770991714827
330,5.5,-719.0084838867188,681.6306762695312,1638.32861328125,-0.4585527756016316,0.3424782415675839,-0.42892610193279296,0.6988994241817306
331,5.516667,-719.6748962402344,685.9245300292969,1637.005859375,-0.46025543250707557,0.34515194977146607,-0.429685919731801,0.6959921542667822
332,5.533333,-720.34130859375,690.2183837890625,1635.68310546875,-0.4619403183423774,0.3478336720399325,-0.43042836896520703,0.6930759684730898
333,5.55,-721.2382507324219,694.6497497558594,1634.256103515625,-0.463858650428055,0.3504807288951157,-0.4306178888990368,0.6903380656289703
334,5.566667,-722.1351928710938,699.0811157226562,1632.8291015625,-0.465760626195951,0.3531327838205284,-0.4307912674960175,0.6875922919331589
335,5.583333,-723.2692260742188,703.66943359375,1631.39794921875,-0.4678136336123762,0.3557706823887558,-0.43027121207472224,0.6851600614591993
336,5.6,-724.4032592773438,708.2577514648438,1629.966796875,-0.4698528847158303,0.3584087279536215,-0.4297361793964481,0.682721221706652
337,5.616667,-725.71435546875,712.9840087890624,1628.599365234375,-0.4717777949994264,0.3611158291594955,-0.4286637690310155,0.6806382616309882
338,5.633333,-727.0254516601562,717.7102661132812,1627.23193359375,-0.47369165876678765,0.36381858417216295,-0.4275764574850451,0.6785503837079979
339,5.65,-728.398193359375,722.514404296875,1625.9292602539062,-0.475248970603991,0.3665351985406056,-0.4263565437758855,0.6767647019091105
340,5.666667,-729.7709350585938,727.3185424804688,1624.6265869140625,-0.47679713702909604,0.3692459052658492,-0.42512235983796104,0.6749762445679581
341,5.683333,-731.0693664550781,732.1246032714844,1623.3394165039062,-0.47783989655112585,0.37189396799849844,-0.4242246097406829,0.6733478969453357
342,5.7,-732.3677978515625,736.9306640625,1622.05224609375,-0.4788738775860585,0.37453749837141154,-0.4233143111261669,0.6717190377495312
343,5.716667,-733.495849609375,741.699462890625,1620.7156982421875,-0.4792759739081128,0.3771356780557929,-0.4229945788255757,0.6701781908239043
344,5.733333,-734.6239013671875,746.46826171875,1619.379150390625,-0.47966870721200167,0.3797308615427179,-0.4226641966183907,0.6686384531348183
345,5.75,-735.5883178710938,751.2395935058594,1617.9168701171875,-0.47940811260742766,0.3821431846682333,-0.4227310919033178,0.6674075755608662
346,5.766667,-736.552734375,756.0109252929688,1616.45458984375,-0.4791390974820097,0.3845523026378565,-0.422790522894385,0.6661782235638898
347,5.783333,-737.455322265625,760.8754272460938,1614.787109375,-0.4784056814116228,0.3863477269978656,-0.42265853576888784,0.6657501032507341
348,5.8,-738.35791015625,765.7399291992188,1613.11962890625,-0.4776678180797571,0.3881399476404555,-0.4225239370571573,0.6653227481683668
349,5.816667,-739.2979125976562,770.7423095703125,1611.2052612304688,-0.4767478289768413,0.38896973440411114,-0.4216393642113243,0.6660587810628533
350,5.833333,-740.2379150390625,775.7446899414062,1609.2908935546875,-0.4758264969827059,0.3897992695223265,-0.42075394674684136,0.6667921644305544
351,5.85,-741.219970703125,780.8151550292969,1607.1632080078125,-0.47490655826365363,0.3898065644460387,-0.4190720809750652,0.6685007061927277
352,5.866667,-742.2020263671875,785.8856201171875,1605.0355224609375,-0.47398464296801746,0.38981797200040974,-0.4173862395914274,0.6702008907303064
353,5.883333,-743.1403198242188,790.8692932128907,1602.7838134765625,-0.47306452022408246,0.38950757407574804,-0.41540332872124136,0.6722602798991597
354,5.9,-744.07861328125,795.8529663085938,1600.5321044921875,-0.4721413262131124,0.3892033640980106,-0.4134143342083777,0.6743084588877397
355,5.916667,-744.8689880371094,800.5987548828125,1598.2257080078125,-0.471094749644257,0.38904171768186885,-0.4116892709730459,0.6761865296842566
356,5.933333,-745.6593627929688,805.3445434570312,1595.9193115234375,-0.4700453253196714,0.38888552365408835,-0.4099596802427898,0.6780549404086953
357,5.95,-746.2305603027344,809.7690124511719,1593.5501708984375,-0.46876006509757484,0.3892014378962288,-0.408703561202223,0.6795201550872837
358,5.966667,-746.8017578125,814.1934814453125,1591.1810302734375,-0.4674723536792752,0.38952050553323914,-0.4074456411579826,0.6809782843938923
359,5.983333,-747.1077270507812,818.294677734375,1588.6672973632812,-0.46599343485166217,0.3905624743597816,-0.40657890472034525,0.681912506509097
360,6.0,-747.4136962890625,822.3958740234375,1586.153564453125,-0.46451142470679174,0.3916041024600763,-0.40571196623192146,0.6828419756499544
361,6.016667,-747.4036865234375,826.2346496582031,1583.3775024414062,-0.46313253157156453,0.3933859333727694,-0.40503440508763683,0.6831565679402145
362,6.033333,-747.3936767578125,830.0734252929688,1580.6014404296875,-0.4617488428406906,0.3951638051916377,-0.40435547190279525,0.6834692572047526
363,6.05,-747.0257263183594,833.732177734375,1577.4478759765625,-0.4608697320700852,0.3973729323596937,-0.40358829264359425,0.6832351957639
364,6.066667,-746.6577758789062,837.3909301757812,1574.2943115234375,-0.4599849503130022,0.3995763910833333,-0.4028164966661541,0.6830017739273964
365,6.083333,-745.9434814453125,840.9332885742188,1570.6784057617188,-0.4597811729948138,0.40186242442237025,-0.4017678702848529,0.6824151545823564
366,6.1,-745.2291870117188,844.4756469726562,1567.0625,-0.45957235784996914,0.40414246786089536,-0.40071203491112833,0.6818298751513516
367,6.116667,-744.2407836914062,847.9480895996093,1562.9465942382812,-0.4599442371622618,0.4063145439494846,-0.39946774208953517,0.6810178507985205
368,6.133333,-743.2523803710938,851.4205322265625,1558.8306884765625,-0.4603119113517486,0.40848075631777536,-0.39821543862918807,0.6802064983687833
369,6.15,-742.1010131835938,854.875244140625,1554.224853515625,-0.46117967264977594,0.4102867484222258,-0.39702908014343985,0.6792245601597579
370,6.166667,-740.9496459960938,858.3299560546875,1549.6190185546875,-0.46204409123920775,0.41208834082721446,-0.3958362162048349,0.6782419531744167
371,6.183333,-739.7629699707031,861.8102722167969,1544.5726318359375,-0.4634300072080128,0.413212425635759,-0.3949165366063293,0.6771477304357268
372,6.2,-738.5762939453125,865.2905883789062,1539.5262451171875,-0.4648132504707577,0.4143343882653936,-0.39399376791562446,0.6760507138752236
373,6.216667,-737.453857421875,868.8045043945312,1534.1192016601562,-0.46658053101269886,0.41480627630020217,-0.39348373825387417,0.6748399135733044
374,6.233333,-736.3314208984375,872.3184204101562,1528.712158203125,-0.46834457599872914,0.41527774314364735,-0.3929733253732387,0.673624316460732
375,6.25,-735.3140869140625,875.8558654785156,1523.0335693359375,-0.47008313841313165,0.4155572588683343,-0.3929703743597116,0.672241245727369
376,6.266667,-734.2967529296875,879.393310546875,1517.35498046875,-0.4718178703946773,0.4158382273529179,-0.3929671481730144,0.6708526561809103
377,6.283333,-733.3967590332031,882.9630432128906,1511.4783935546875,-0.47304474653143086,0.416467564004287,-0.39337705561289993,0.669356353543219
378,6.3,-732.4967651367188,886.5327758789062,1505.601806640625,-0.4742679985702307,0.41709982096766646,-0.3937847494770709,0.6678556550334876
379,6.316667,-731.7416381835938,890.1620483398438,1499.5823974609375,-0.47481704718278056,0.4182869863272531,-0.39410230105549765,0.6665344290257266
380,6.333333,-730.9865112304688,893.7913208007812,1493.56298828125,-0.47536243620467594,0.41947558336619895,-0.3944162497928694,0.6652117039743599
381,6.35,-730.4138488769531,897.4730834960938,1487.4566040039062,-0.47571794759334346,0.4208461183434152,-0.39382800030554127,0.6644399786197364
382,6.366667,-729.8411865234375,901.1548461914062,1481.3502197265625,-0.4760711103488634,0.42221489603817375,-0.3932364059368768,0.6636685983987204
383,6.383333,-729.4405517578125,904.8002319335939,1475.2225341796873,-0.47707249495593057,0.42319905397058977,-0.39125691452763045,0.6634925938616344
384,6.4,-729.0399169921875,908.4456176757812,1469.0948486328125,-0.4780749906522332,0.424177521674554,-0.38927374545512566,0.6633126596999624
385,6.416667,-728.7085571289062,911.9095764160156,1462.999755859375,-0.48005596124501854,0.42486643270815916,-0.38638932222557415,0.6631274991289579
386,6.433333,-728.377197265625,915.37353515625,1456.9046630859375,-0.4820391263341068,0.42554336042369195,-0.3835010378139325,0.6629314316563966
387,6.45,-727.9659729003906,918.5303344726562,1450.8551635742188,-0.48448428852216935,0.42683375407999913,-0.3809577903244413,0.6617847705593268
388,6.466667,-727.5547485351562,921.6871337890625,1444.8056640625,-0.4869274852270489,0.4281114660900305,-0.378409301832547,0.660627426784047
389,6.483333,-726.976806640625,924.4675903320312,1438.785400390625,-0.4892073242068352,0.4306410273623904,-0.3769583582277826,0.6581237692538296
390,6.5,-726.3988647460938,927.248046875,1432.76513671875,-0.491473154476621,0.43316506897905593,-0.37549200748708383,0.6556126247705186
391,6.516667,-725.677734375,929.6259155273438,1426.783447265625,-0.4936823367090443,0.43638200586046544,-0.37441835349969804,0.6524257750466864
392,6.533333,-724.9566040039062,932.0037841796875,1420.8017578125,-0.4958684015587615,0.4395962960962815,-0.3733203975742516,0.6492314730117387
393,6.55,-724.1570434570312,933.997314453125,1414.9384765625,-0.4985823042266776,0.44239866497841546,-0.3712091891822553,0.6464540548283265
394,6.566667,-723.3574829101562,935.9908447265625,1409.0751953125,-0.5012793979015518,0.4451898388230974,-0.3690786680377926,0.6436659921477684
395,6.583333,-722.4999084472656,937.6909790039062,1403.4733276367188,-0.5046331273871303,0.4472347900590527,-0.3654212126137947,0.6417116070916772
396,6.6,-721.642333984375,939.39111328125,1397.8714599609375,-0.507980351760526,0.44925349917478846,-0.3617509812416467,0.6397370422878188
397,6.616667,-720.6964416503906,940.9512939453125,1392.6806640625,-0.5113804152536078,0.4512027003054062,-0.3574721444164998,0.6380594487180851
398,6.633333,-719.7505493164062,942.511474609375,1387.4898681640625,-0.5147771977944233,0.4531191436897068,-0.3531797165430691,0.6363580486450889
399,6.65,-718.6610717773438,944.0728149414062,1382.7958984375,-0.5174862733424146,0.4558014153352142,-0.34975298282235884,0.6341339587874618
400,6.666667,-717.5715942382812,945.6341552734375,1378.1019287109375,-0.5201852134514675,0.45845900979625,-0.3463067598126266,0.631897387359034
401,6.683333,-716.2582702636719,947.2508239746094,1373.8953857421875,-0.5219664331882952,0.46202816689233844,-0.34445674571482493,0.6288327010853897
402,6.7,-714.9449462890625,948.8674926757812,1369.6888427734375,-0.523724030310724,0.4655853890196645,-0.34257842794829807,0.6257662553309922
403,6.716667,-713.3171997070312,950.509521484375,1365.9010620117188,-0.5249322793573279,0.46948421117611683,-0.34175868733239745,0.6222794205000646
404,6.733333,-711.689453125,952.1515502929688,1362.11328125,-0.5261097170531492,0.47337849131536397,-0.34090627524936185,0.6187925994045593
405,6.75,-709.700927734375,953.7691040039062,1358.6697387695312,-0.5272938051169229,0.4769790817608558,-0.3399112585447299,0.6155587177210838
406,6.766667,-707.71240234375,955.3866577148438,1355.2261962890625,-0.5284516517833779,0.48057430520793043,-0.3388880933701436,0.6123251171340953
407,6.783333,-705.3993530273438,956.962646484375,1352.0608520507812,-0.5299540855882864,0.48364640097119593,-0.3368273432183083,0.6097394253747975
408,6.8,-703.0863037109375,958.5386352539062,1348.8955078125,-0.5314396929613875,0.48670582052145517,-0.3347452644805113,0.607153114892377
409,6.816667,-700.5538635253906,960.0923767089844,1345.9346313476562,-0.5333262425784413,0.4893368862397085,-0.3314875147931595,0.6051682065993248
410,6.833333,-698.0214233398438,961.6461181640625,1342.9737548828125,-0.5352036689344515,0.4919459042066869,-0.3282116693547487,0.6031777185811297
411,6.85,-695.3914489746094,963.2016906738281,1340.1234130859375,-0.5373869502257637,0.49429093976646077,-0.324183397058569,0.6014955175754912
412,6.866667,-692.761474609375,964.7572631835938,1337.2730712890625,-0.5395650544281867,0.4966071820258089,-0.3201378763909977,0.5998021331240457
413,6.883333,-690.1212158203124,966.3152465820312,1334.4280395507812,-0.5418694667617641,0.49878397998560814,-0.3158987003688231,0.5981638850735863
414,6.9,-687.48095703125,967.8732299804688,1331.5830078125,-0.5441695479615285,0.5009301965376236,-0.3116432090172035,0.5965123230425194
415,6.916667,-684.8720703125,969.4143676757812,1328.6585083007812,-0.546343224729305,0.5030175034528512,-0.30760872308639015,0.5948607782444609
416,6.933333,-682.26318359375,970.9555053710938,1325.7340087890625,-0.5485121787132559,0.50507684686265,-0.3035592785107498,0.5931977183001916
417,6.95,-679.6984558105469,972.4702758789062,1322.7023315429688,-0.5502950884206201,0.5071272804882593,-0.2999894858389884,0.5916109747382848
418,6.966667,-677.1337280273438,973.9850463867188,1319.670654296875,-0.5520729094380152,0.5091549743729216,-0.2964062583047906,0.5900169868518262
419,6.983333,-674.5990600585938,975.4977111816406,1316.575439453125,-0.5533329818185463,0.5111685052326391,-0.2935410954939338,0.5885261215496274
420,7.0,-672.0643920898438,977.0103759765625,1313.480224609375,-0.5545875625720207,0.5131659289022109,-0.290664557596726,0.5870327757557116
421,7.016667,-669.512939453125,978.5644836425781,1310.42431640625,-0.5554548864369961,0.5149976126184961,-0.2886834460492245,0.5855844910067696
422,7.033333,-666.9614868164062,980.1185913085938,1307.368408203125,-0.5563166714323577,0.5168201687257544,-0.2866939092087141,0.5841363511264562
423,7.05,-664.3472290039062,981.7330322265625,1304.48828125,-0.5571695828711232,0.5181769974899214,-0.2854561939151607,0.5827258502512298
424,7.066667,-661.7329711914062,983.3474731445312,1301.608154296875,-0.5580181413774297,0.5195301074997809,-0.28421352044748266,0.5813147994759753
425,7.083333,-659.0787963867188,984.9841003417969,1299.0237426757812,-0.5592898887297876,0.520132508372287,-0.2832902605228046,0.5800031227432282
426,7.1,-656.4246215820312,986.6207275390625,1296.4393310546875,-0.5605585660814826,0.5207333401737368,-0.28236569097127406,0.5786886027791547
427,7.116667,-653.8499145507812,988.1858825683594,1294.18408203125,-0.5625124297977635,0.5205214690063864,-0.28149091957677136,0.5774080262884064
428,7.133333,-651.2752075195312,989.7510375976562,1291.9288330078125,-0.5644621291698629,0.520306971141246,-0.2806182991295897,0.5761219755472478
429,7.15,-648.9322814941406,991.1195983886719,1289.9295654296875,-0.5670796856746781,0.519578560337146,-0.27989511150307583,0.5745585055412266
430,7.166667,-646.58935546875,992.4881591796875,1287.9302978515625,-0.5696892346336379,0.5188458598868395,-0.27917689259441814,0.5729863979730676
431,7.183333,-644.5693664550781,993.5370788574219,1286.0808715820312,-0.5727135585334735,0.5181577959840858,-0.2787465031503574,0.5707994965960357
432,7.2,-642.5493774414062,994.5859985351562,1284.2314453125,-0.5757252691896769,0.5174668050832971,-0.2783219395869024,0.5685995233887764
433,7.216667,-640.8557434082031,995.2401123046875,1282.4749755859375,-0.5787674714032198,0.5173453602606449,-0.27806096706223976,0.5657420709640733
434,7.233333,-639.162109375,995.8942260742188,1280.718505859375,-0.5817934777160467,0.5172253297326495,-0.27780278185142687,0.5628675883061914
435,7.25,-637.7419128417969,996.1637573242188,1279.0278930664062,-0.5844528505297046,0.517967861000896,-0.277413328964396,0.5596123706555736
436,7.266667,-636.3217163085938,996.4332885742188,1277.3372802734375,-0.5870943987122968,0.5187147253127752,-0.27702015033945154,0.5563407562369005
437,7.283333,-635.0829772949219,996.3983154296875,1275.6442260742188,-0.5891598652204366,0.5202748362884695,-0.2761988535231954,0.553099395453399
438,7.3,-633.84423828125,996.3633422851562,1273.951171875,-0.5912078892843975,0.5218370205659583,-0.2753675293275466,0.549847323724299
439,7.316667,-632.6607666015625,996.1112365722656,1272.1320190429688,-0.5927597094490182,0.5238132479770762,-0.27389533220513457,0.5470255525054205
440,7.333333,-631.477294921875,995.859130859375,1270.3128662109375,-0.5942971171326977,0.5257852188324831,-0.2724109817451263,0.5441995013317258
441,7.35,-630.2063293457031,995.4356384277344,1268.2267456054688,-0.5954764874231246,0.5277238786938412,-0.2703522023558477,0.542056221681744
442,7.366667,-628.9353637695312,995.0121459960938,1266.140625,-0.596646525241987,0.5296529414874686,-0.2682829181956124,0.5399119940275281
443,7.383333,-627.4364624023438,994.4282836914062,1263.6655883789062,-0.5973603809481194,0.5314172152789286,-0.26607258942250167,0.5384809149233717
444,7.4,-625.9375610351562,993.8444213867188,1261.1905517578125,-0.5980689826646307,0.5331709759149053,-0.2638541211437954,0.5370504679933499
445,7.416667,-624.10693359375,993.1229248046875,1258.2396850585938,-0.5980635765341387,0.5349110283228334,-0.2619887234906688,0.5362388077764733
446,7.433333,-622.2763061523438,992.4014282226562,1255.288818359375,-0.5980542595794259,0.5366424983982239,-0.2601172876050452,0.5354296669038906
447,7.45,-620.0953979492188,991.6119689941406,1251.8038940429688,-0.5972731904185602,0.5384580085111822,-0.25870774510412997,0.535161668751175
448,7.466667,-617.9144897460938,990.822509765625,1248.3189697265625,-0.596487531500451,0.5402660793865336,-0.2572945171837205,0.5348969243284152
449,7.483333,-615.458740234375,990.0756225585938,1244.25830078125,-0.5952531899279949,0.5420044603144877,-0.25591720484334096,0.5351739802577463
450,7.5,-613.0029907226562,989.3287353515625,1240.1976318359375,-0.5940136305865615,0.5437355834159856,-0.25453809448473436,0.5354528741735638
451,7.516667,-610.3977966308594,988.7413940429688,1235.5524291992188,-0.5928460795137724,0.5451366111155079,-0.25268472143178483,0.5361996202736352
452,7.533333,-607.7926025390625,988.154052734375,1230.9072265625,-0.591674096483329,0.5465313287718554,-0.2508292892880033,0.5369450044993264
453,7.55,-605.1435546875,987.8049621582031,1225.7305908203125,-0.5909814740412406,0.5474773688111244,-0.24855650459720202,0.5378002342897515
454,7.566667,-602.4945068359375,987.4558715820312,1220.553955078125,-0.5902864801609321,0.5484182960003311,-0.24628037629792598,0.5386512974103588
455,7.583333,-599.8279418945312,987.34228515625,1214.9240112304688,-0.5902114889848171,0.5488957532032076,-0.24408988060378278,0.539243897112095
456,7.6,-597.161376953125,987.2286987304688,1209.2940673828125,-0.5901361236112488,0.549369342442698,-0.2418964517649698,0.5398321848655229
457,7.616667,-594.4312744140625,987.2806701660156,1203.2678833007815,-0.5904772815367454,0.5494360382045372,-0.24033936652009635,0.5400866678708115
458,7.633333,-591.701171875,987.3326416015625,1197.24169921875,-0.5908186166935009,0.5495007446587842,-0.23878112012362826,0.5403386627480262
459,7.65,-588.8532104492188,987.4793090820312,1190.8624877929688,-0.5910626384953257,0.5494081028339999,-0.23836085523706937,0.5403515490918313
460,7.666667,-586.0052490234375,987.6259765625,1184.4832763671875,-0.5913066515229739,0.5493152681581579,-0.23794056581245454,0.5403641986418684
461,7.683333,-583.0199584960938,987.81640625,1177.741943359375,-0.5910624716720607,0.5491488641348566,-0.23845735660391096,0.5405726303483986
462,7.7,-580.03466796875,988.0068359375,1171.0006103515625,-0.5908182206884065,0.54898204267961,-0.23897400342344194,0.5407808914945877
463,7.716667,-576.945556640625,988.2207336425781,1163.8381958007812,-0.5901318090749693,0.548443896774595,-0.23952021863518158,0.5418337428340507
464,7.733333,-573.8564453125,988.4346313476562,1156.67578125,-0.5894435011833694,0.5479053279092054,-0.2400652651281756,0.5428856040091097
465,7.75,-570.769287109375,988.7336730957031,1149.1077270507812,-0.5884590043039819,0.5469788665733626,-0.24058125559179028,0.5446565699902678
466,7.766667,-567.68212890625,989.03271484375,1141.5396728515625,-0.5874691560803533,0.5460528311558122,-0.24109368508198958,0.5464248633202428
467,7.783333,-564.7450866699219,989.5269165039062,1133.6561279296875,-0.5862108039619531,0.5451502131713168,-0.2424481233616986,0.5480757665468697
468,7.8,-561.8080444335938,990.0211181640625,1125.7725830078125,-0.5849477114592544,0.5442441691384149,-0.24379942501164445,0.5497238393788366
469,7.816667,-559.1290893554688,990.7504577636719,1117.6122436523438,-0.5836153551901083,0.5434275945038628,-0.2459758237774805,0.5509768242268077
470,7.833333,-556.4501342773438,991.4797973632812,1109.451904296875,-0.5822803334985652,0.5426029884895364,-0.24814924680018374,0.5522260057399732
471,7.85,-554.0456848144531,992.3855285644531,1101.0341186523438,-0.5813036158923061,0.5414776485475962,-0.25011646400904247,0.5534707008555281
472,7.866667,-551.6412353515625,993.291259765625,1092.6163330078125,-0.5803237910436059,0.5403450953784064,-0.2520793543010801,0.554713867308569
473,7.883333,-549.4298706054686,994.266357421875,1084.063781738281,-0.5800322333040353,0.5386827137630013,-0.2532930956487721,0.5560810641605445
474,7.9,-547.218505859375,995.241455078125,1075.51123046875,-0.5797353128381806,0.5370154945954588,-0.2545005486875602,0.5574502635487247
475,7.916667,-545.0385131835938,996.1507568359375,1067.0509033203125,-0.5800976322449152,0.5350548445018785,-0.2552769159321339,0.5586024942936543
476,7.933333,-542.8585205078125,997.06005859375,1058.590576171875,-0.5804535948983879,0.5330891946372361,-0.25604705448277415,0.559758376999627
477,7.95,-540.5454711914062,997.7607421875,1050.4861450195312,-0.581037873285937,0.5314623696431598,-0.2569146719553971,0.5603013392761821
478,7.966667,-538.232421875,998.46142578125,1042.3817138671875,-0.5816182614427003,0.5298308462239371,-0.2577790480646019,0.5608470689278005
479,7.983333,-535.73095703125,998.876708984375,1034.860107421875,-0.5818678114512789,0.5291933301551522,-0.25912377477038323,0.5605703690572189
480,8.0,-533.2294921875,999.2919921875,1027.3385009765625,-0.5821168387186046,0.5285536869643569,-0.26046719457160344,0.560292625891722
481,8.016667,-530.6306152343749,999.4800415039062,1020.5150756835934,-0.5818514082200756,0.5290091848607713,-0.2623664262547667,0.5592513562429323
482,8.033333,-528.03173828125,999.6680908203125,1013.691650390625,-0.5815849674964614,0.5294645161877065,-0.26426237567965294,0.558203948821937
483,8.05,-525.4923400878905,999.79736328125,1007.5629272460934,-0.5811915352502096,0.5304210425770295,-0.26633681404338333,0.556717718803903
484,8.066667,-522.9529418945312,999.9266357421875,1001.4342041015625,-0.5807950617620113,0.5313785881434201,-0.2684055344315062,0.5552228033700566
485,8.083333,-520.5685729980468,1000.1621704101562,995.9472045898434,-0.5808557035784991,0.532069238755777,-0.2700708131698791,0.5536882991936302
486,8.1,-518.1842041015625,1000.397705078125,990.460205078125,-0.5809133523627927,0.5327621244007574,-0.27173139523044043,0.5521469412183067
487,8.116667,-515.9109497070311,1000.7899475097656,985.5691223144529,-0.5816809446729071,0.5328297223633318,-0.2726543885743147,0.5508169840898299
488,8.133333,-513.6376953125,1001.1821899414062,980.6780395507812,-0.5824459140227881,0.532899020914074,-0.2735758598211608,0.5494830658629005
489,8.15,-511.31246948242176,1001.6461486816406,976.3469543457029,-0.5836484775663106,0.532552385454826,-0.2738114312511581,0.5484247546355786
490,8.166667,-508.98724365234375,1002.110107421875,972.015869140625,-0.5848483766378025,0.5322057398891682,-0.27404770074382867,0.5473639415326617
491,8.183333,-506.43154907226545,1002.5045166015625,968.2002868652341,-0.5859109626589037,0.5319672533909471,-0.27384288045048855,0.5465613067007105
492,8.2,-503.8758544921875,1002.89892578125,964.3847045898438,-0.5869719122689321,0.5317283097044916,-0.27363883586168414,0.5457570580161285
493,8.216667,-501.00227355957014,1003.1276245117188,961.0074462890623,-0.5874679789882333,0.5319730728403133,-0.27308327559225903,0.5452628247259461
494,8.233333,-498.1286926269531,1003.3563232421875,957.6301879882812,-0.5879636310678741,0.5322172645536234,-0.272527491982868,0.5447681322967296
495,8.25,-494.96202087402344,1003.4037170410156,954.5654296875,-0.5879085273218329,0.5329032314685623,-0.2714119824534766,0.5447139113087817
496,8.266667,-491.79534912109375,1003.4511108398438,951.5006713867188,-0.5878530154952313,0.533587126981787,-0.2702952945493793,0.5446595852796039
497,8.283333,-488.4107971191408,1003.3528747558594,948.6042175292971,-0.5875648766012864,0.5344903846955281,-0.26843586016644255,0.5450043425783354
498,8.3,-485.0262451171875,1003.254638671875,945.707763671875,-0.5872758463678477,0.535389302388443,-0.26657381514505224,0.5453473904218815
499,8.316667,-481.48881530761736,1003.0583801269531,942.8899230957032,-0.5870603276335818,0.5364634521294451,-0.26406946357074146,0.5457421136925124
500,8.333333,-477.9513854980469,1002.8621215820312,940.0720825195312,-0.5868438113509951,0.5375301290675905,-0.26156059874376125,0.5461334586055158
501,8.35,-474.319274902344,1002.6158752441406,937.3419494628907,-0.586883344369336,0.538898710731403,-0.25859675535011195,0.5461536759889921
502,8.366667,-470.6871643066406,1002.36962890625,934.61181640625,-0.5869216655464027,0.5402551146978638,-0.25562630336698167,0.5461708181347356
503,8.383333,-467.05210876464866,1002.1358032226562,932.0455627441407,-0.58734523645411,0.5419757675688518,-0.2522439083708398,0.5455830379260547
504,8.4,-463.41705322265625,1001.9019775390625,929.4793090820312,-0.5877663258569517,0.5436781456930478,-0.2488519557108112,0.5449931414461039
505,8.416667,-459.9055786132814,1001.7548828125,927.147674560547,-0.5886863342600996,0.5455617869824502,-0.24498357202416843,0.5438692727836358
506,8.433333,-456.39410400390625,1001.6077880859375,924.8160400390625,-0.5896023539574606,0.5474208013623816,-0.241102842703327,0.5427420655191229
507,8.45,-453.10375976562517,1001.5932922363281,922.7287902832032,-0.5910466982664209,0.5490512625854969,-0.2367744766182873,0.541428073472156
508,8.466667,-449.81341552734375,1001.5787963867188,920.6415405273438,-0.592487489736201,0.5506528883615955,-0.23243409689302388,0.5401058800333981
509,8.483333,-446.74057006835955,1001.6695861816406,918.7333984375001,-0.5943076555059145,0.5517057950602756,-0.22801723670193744,0.5389130412884672
510,8.5,-443.667724609375,1001.7603759765625,916.8252563476562,-0.5961259117495135,0.552731099876114,-0.22359210132112278,0.5377069841441131
511,8.516667,-440.704147338867,1001.8552551269531,914.9901123046874,-0.5980011108876236,0.5532849238740963,-0.21986537609782517,0.5365907945391585
512,8.533333,-437.7405700683594,1001.9501342773438,913.1549682617188,-0.5998746491317251,0.553819225185297,-0.21613488376382306,0.5354627747702408
513,8.55,-434.76379394531233,1001.9297485351562,911.3082885742186,-0.6014159784313409,0.5543184530215374,-0.21394219836514003,0.5340960674691156
514,8.566667,-431.7870178222656,1001.9093627929688,909.4616088867188,-0.6029542346605858,0.5548096820180086,-0.2117480976068739,0.5327242727751507
515,8.583333,-428.76416015624983,1001.7077331542969,907.5877075195311,-0.6038523770961408,0.5558211205918414,-0.21140292233204333,0.5307862027302914
516,8.6,-425.7413024902344,1001.506103515625,905.7138061523438,-0.6047441250211912,0.5568338212607065,-0.21105320708932118,0.5288451404048876
517,8.616667,-422.73950195312483,1001.1485290527344,903.8667602539061,-0.6049547177534074,0.5587180917755792,-0.2119169174719061,0.5262652406151823
518,8.633333,-419.7377014160156,1000.7909545898438,902.0197143554688,-0.6051526315469103,0.5606077847969549,-0.21276790467950885,0.5236783582459672
519,8.65,-416.8562164306639,1000.3755493164062,900.2604980468749,-0.6049881762385154,0.5632221919867749,-0.21340941683454887,0.5207940954653242
520,8.666667,-413.9747314453125,999.9601440429688,898.5012817382812,-0.6048051928727053,0.5658400869812095,-0.21403212028383486,0.5179053254467589
521,8.683333,-411.2811889648436,999.5979309082031,896.8116455078124,-0.6047828468196074,0.5685877244316118,-0.21291002228330633,0.5153785310136375
522,8.7,-408.587646484375,999.2357177734375,895.1220092773438,-0.6047435478840985,0.571328103401592,-0.21177053031843468,0.5128573700793836
523,8.716667,-406.09065246582014,998.9923400878906,893.3846740722655,-0.605289933463688,0.5735281253231145,-0.2079425571641993,0.5113213068422748
524,8.733333,-403.5936584472656,998.7489624023438,891.6473388671875,-0.6058282004837378,0.575700436270526,-0.20410026313500512,0.5097884676655442
525,8.75,-401.24790954589844,998.6372680664062,889.7053833007812,-0.6070043560468098,0.5769857726082832,-0.19774150044530311,0.5094422724406176
526,8.766667,-398.90216064453125,998.5255737304688,887.763427734375,-0.6081797073143763,0.5782218179610832,-0.19136535389658085,0.509073937825161
527,8.783333,-396.62896728515636,998.5464477539062,885.5019836425782,-0.6095838169650728,0.578747731608119,-0.1839447048105378,0.5095321175597408
528,8.8,-394.35577392578125,998.5673217773438,883.2405395507812,-0.6109880396052728,0.5792191343619634,-0.17650336956693666,0.5099464387362665
529,8.816667,-392.06236267089855,998.7318420410156,880.6306457519532,-0.6120195724590299,0.5794811763811674,-0.17010694017678105,0.5105851917659359
530,8.833333,-389.7689514160156,998.8963623046875,878.020751953125,-0.6130500383785706,0.5797059018206976,-0.16369528435797717,0.5111893697224595
531,8.85,-387.38458251953136,999.1894226074219,875.0934448242189,-0.6134269581091566,0.5800976743655689,-0.15970806467849852,0.5115538968058536
532,8.866667,-385.0002136230469,999.4824829101562,872.1661376953125,-0.6138028962163057,0.5804741212665947,-0.15571479694328744,0.5119069262562878
533,8.883333,-382.5363311767579,999.8352355957031,868.9755249023439,-0.6138872465784936,0.581063876380119,-0.15414424743077493,0.5116119340265484
534,8.9,-380.07244873046875,1000.18798828125,865.784912109375,-0.6139709166811887,0.5816497286093353,-0.15257231043105576,0.5113169239992719
535,8.916667,-377.63650512695324,1000.5215454101562,862.412322998047,-0.6145678782702955,0.5822176028436622,-0.15253738048405613,0.5099620902502354
536,8.933333,-375.2005615234375,1000.8551025390625,859.0397338867188,-0.6151617317327617,0.5827866496736018,-0.15250044129971105,0.5086053284985927
537,8.95,-372.9376373291017,1001.154296875,855.5926208496096,-0.6168934353716986,0.5830435522186805,-0.15301344206324796,0.5060529539084657
538,8.966667,-370.6747131347656,1001.4534912109375,852.1455078125,-0.6186140148205298,0.5833052429775888,-0.15352388742560166,0.5034899305569205
539,8.983333,-368.71685791015636,1001.7856750488281,848.729187011719,-0.6213730982590062,0.5833989112020703,-0.1537691885965702,0.49989620903403015
540,9.0,-366.7590026855469,1002.1178588867188,845.3128662109375,-0.624109679997502,0.58349895109267,-0.15401316187143618,0.4962822053807009
541,9.016667,-365.18803405761713,1002.5591735839844,842.0146179199216,-0.6271638192341094,0.5841721757400999,-0.15339028244935377,0.49181280400663707
542,9.033333,-363.6170654296875,1003.00048828125,838.7163696289062,-0.6301851766019861,0.5848522611870857,-0.15276115993554115,0.4873176620959111
543,9.05,-362.404312133789,1003.5366821289062,835.6037902832029,-0.632878821739852,0.5868069828994289,-0.15119913361738035,0.4819344185747676
544,9.066667,-361.1915588378906,1004.0728759765625,832.4912109375,-0.6355254853535807,0.588765784910312,-0.14961282231091486,0.4765272409686591
545,9.083333,-360.1735687255859,1004.5804138183594,829.5782165527341,-0.6378097027768981,0.591965211171244,-0.14762026312020574,0.47008959754811724
546,9.1,-359.15557861328125,1005.0879516601562,826.6652221679688,-0.6400237130476268,0.5951663878862895,-0.14557779496704656,0.4636310204026993
547,9.116667,-358.10037231445307,1005.3950500488281,823.858917236328,-0.6424236069083018,0.5986835568789922,-0.1432978967775493,0.4564379703626519
548,9.133333,-357.045166015625,1005.7021484375,821.0526123046875,-0.6447364439075882,0.6022018857790008,-0.1409566566101425,0.44922046660732523
549,9.15,-355.78369140624994,1005.6799011230469,818.1928405761718,-0.6479725747414185,0.6047329269808535,-0.13759392275104465,0.4421510396121738
550,9.166667,-354.522216796875,1005.6576538085938,815.3330688476562,-0.6511293213451265,0.6072511244416365,-0.13419138122425622,0.4350509762707464
551,9.183333,-353.05082702636713,1005.3072509765625,812.3417968749998,-0.6555018168253625,0.6081695659033106,-0.1294468996571486,0.4285914691367291
552,9.2,-351.5794372558594,1004.9568481445312,809.3505249023438,-0.659809852622702,0.6090512183948354,-0.12469665416519549,0.4220880431779376
553,9.216667,-350.02297973632807,1004.384521484375,806.2954101562499,-0.6647573025597366,0.6090021307418252,-0.11982472807503511,0.4157597479159853
554,9.233333,-348.4665222167969,1003.8121948242188,803.2402954101562,-0.6696414374184694,0.6089112579167116,-0.11496454464093826,0.40937828319283853
555,9.25,-346.9420471191406,1003.097900390625,800.231689453125,-0.6740725221853607,0.6091893806727622,-0.11116568663861695,0.40268688012445575
556,9.266667,-345.4175720214844,1002.3836059570312,797.2230834960938,-0.6784349319090403,0.609443820788773,-0.10737065017084965,0.39594925931215824
557,9.283333,-343.97106933593756,1001.5462646484375,794.3364868164064,-0.6814779560584762,0.6109894901310065,-0.10433862738496248,0.38909264859572484
558,9.3,-342.5245666503906,1000.7089233398438,791.4498901367188,-0.6844506239625616,0.6125254287897239,-0.10128438693504084,0.38220598557115476
559,9.316667,-341.172592163086,999.8020629882814,788.7346191406251,-0.685861246394781,0.6155885585444897,-0.09802892576139113,0.37554681066011275
560,9.333333,-339.82061767578125,998.8952026367188,786.0193481445312,-0.6872004271166903,0.6186347728077782,-0.09472395622560233,0.3688820447794626
561,9.35,-338.55905151367193,998.0450134277345,783.4884033203126,-0.6872582563592243,0.6229489879095155,-0.09074535552601386,0.36245817410985
562,9.366667,-337.2974853515625,997.19482421875,780.9574584960938,-0.6872386154231469,0.6272245225037313,-0.08669677853595706,0.356056389400232
563,9.383333,-336.03784179687506,996.5083618164062,778.5798950195314,-0.6864979934283306,0.6321465907931406,-0.08210059343772105,0.3498152159707459
564,9.4,-334.7781982421875,995.8218994140625,776.2023315429688,-0.685675347662895,0.6370109294396078,-0.07742506225336776,0.343615705573708
565,9.416667,-333.34130859375006,995.3049011230469,773.9388732910157,-0.6848240072563304,0.641632391002278,-0.07258732558646627,0.3377203489076213
566,9.433333,-331.9044189453125,994.7879028320312,771.6754150390625,-0.68389875362772,0.6461932419075594,-0.0676780947381358,0.33186814308105156
567,9.45,-330.14231872558605,994.3938903808594,769.505096435547,-0.6836277709754179,0.6496484494212564,-0.06303239724729,0.32655302756673144
568,9.466667,-328.3802185058594,993.9998779296875,767.3347778320312,-0.6833027472436164,0.6530567312785721,-0.05833817007171257,0.3212645627107937
569,9.483333,-326.31272888183605,993.7356262207031,765.2604370117189,-0.6841545430869915,0.6548433997848129,-0.0540122448000575,0.31653650712572845
570,9.5,-324.2452392578125,993.4713745117188,763.1860961914062,-0.6849707914203668,0.6565983560504448,-0.04966461326489368,0.3118125076421056
571,9.516667,-322.0808563232421,993.4154968261719,761.2655334472655,-0.687238583454224,0.6566421176042011,-0.04497090616781225,0.30741157492610466
572,9.533333,-319.9164733886719,993.359619140625,759.344970703125,-0.6894779757378514,0.656652396742505,-0.040278695494949744,0.30299402224133687
573,9.55,-317.9575958251952,993.5887756347656,757.7213745117186,-0.6931218782305127,0.6552027453496452,-0.03388461261258267,0.29856868126544955
574,9.566667,-315.99871826171875,993.8179321289062,756.0977783203125,-0.6967328962347364,0.653690887745085,-0.02751093640037264,0.2940997160178387
575,9.583333,-314.49818420410145,994.3312683105469,754.9365234374999,-0.7012934729735582,0.6512075260622396,-0.01855604659791355,0.28943375044945713
576,9.6,-312.9976501464844,994.8446044921875,753.7752685546875,-0.7058110199840484,0.648607084428318,-0.009635467110838358,0.28468721761264554
577,9.616667,-312.0376586914062,995.5335388183594,753.1197204589844,-0.7104553889025276,0.6456621255415271,0.0011275327266085308,0.27995051114528396
578,9.633333,-311.0776672363281,996.2224731445312,752.4641723632812,-0.7150510776601607,0.6425534407535031,0.01185104393438571,0.27511194970510217
579,9.65,-310.56329345703125,996.8958129882814,752.1872863769531,-0.7188637192542784,0.6397910345397273,0.022053662956660152,0.2709539097571498
580,9.666667,-310.0489196777344,997.5691528320312,751.910400390625,-0.722637083428731,0.6368833354004311,0.03222448325782164,0.2667149141341849
581,9.683333,-309.8224182128906,998.0450134277344,751.830078125,-0.7250372000458182,0.6349252471934949,0.0393531573750206,0.26389831001849323
582,9.7,-309.5959167480469,998.5208740234375,751.749755859375,-0.7274188675065607,0.632896402768044,0.046466707750533666,0.26104555087104814
583,9.716667,-309.52996826171875,998.7377014160156,751.7432556152344,-0.7284301426422911,0.6320009998442494,0.04969253476250006,0.25979783577789495
584,9.733333,-309.4640197753906,998.9545288085938,751.7367553710938,-0.7294377376405089,0.6310911148499516,0.05291531378914698,0.2585431515819695
585,9.75,-309.4691925048828,998.9888305664062,751.748046875,-0.729575454119295,0.6309615957000705,0.053418001447872586,0.25836725531607146
586,9.766667,-309.474365234375,999.0231323242188,751.7593383789062,-0.7297130921404437,0.6308317277477898,0.053920625937625026,0.25819120923080563
587,9.783333,-309.4934387207031,998.9922790527344,751.7679138183594,-0.7295586232260796,0.6309708678164867,0.053457411080135804,0.25838398643102134
588,9.8,-309.51251220703125,998.96142578125,751.7764892578125,-0.7294040702911242,0.6311097063060543,0.05299412465648462,0.2585766106996529
589,9.816667,-309.5231018066406,998.9340515136719,751.7790832519531,-0.7292748648854669,0.6312268777326991,0.05258598660758075,0.2587383123671862
590,9.833333,-309.53369140625,998.9066772460938,751.7816772460938,-0.7291455986843378,0.631343816463649,0.05217779758219895,0.2588999010657289
591,9.85,-309.53570556640625,998.8971252441406,751.78125,-0.7291026190326423,0.6313829962560235,0.05203597825752608,0.2589539339830349
592,9.866667,-309.5377197265625,998.8875732421875,751.7808227539062,-0.7290596324330688,0.6314221480733383,0.05189415319179652,0.25900795382288244
593,9.883333,-309.5364532470703,998.8882751464844,751.7799072265625,-0.7290641273301421,0.631418309127913,0.05190427868286344,0.25900263124686024
594,9.9,-309.5351867675781,998.8889770507812,751.7789916992188,-0.7290686221683959,0.6314144700320782,0.05191440412084912,0.25899730857359093
595,9.916667,-309.53387451171875,998.8916625976562,751.778564453125,-0.7290817006515209,0.6314027455803708,0.051954850601428855,0.258980964836489
596,9.933333,-309.5325622558594,998.8943481445312,751.7781372070312,-0.7290947785225735,0.6313910188382882,0.051995296567557185,0.25896461997021847
597,9.95,-309.53184509277344,998.8957214355469,751.7780456542969,-0.7291015361905221,0.6313850821859612,0.05201816178786718,0.25895547640831856
598,9.966667,-309.5311279296875,998.8970947265625,751.7779541015625,-0.7291082936746185,0.6313791448006492,0.05204102686156093,0.25894633252641636
599,9.983333,-309.5306396484375,998.8970031738281,751.7779846191406,-0.7291089885753351,0.6313788277714562,0.05204605008860411,0.25894413932500593
600,10.0,-309.5301513671875,998.8969116210938,751.7780151367188,-0.7291096834677989,0.6313785107044602,0.0520510733137571,0.25894194612111443
601,10.016667,-309.5299377441406,998.896484375,751.7780456542969,-0.7291083485791997,0.6313799067797857,0.05204878725977262,0.2589427602611207
602,10.033333,-309.52972412109375,998.8960571289062,751.778076171875,-0.7291070136869827,0.6313813028473829,0.05204650120284346,0.2589435743935997
603,10.05,-309.5309753417969,998.8967590332031,751.7781372070312,-0.729107621878434,0.6313798027847506,0.05204234753451946,0.25894635432336205
604,10.066667,-309.5322265625,998.8974609375,751.7781982421875,-0.7291082300544446,0.6313783026876633,0.052038193878431456,0.2589491342715619
605,10.083333,-309.53672790527344,998.9006958007812,751.778564453125,-0.7291131883346771,0.6313705817495825,0.052031179303094255,0.2589554082809715
606,10.1,-309.5412292480469,998.9039306640625,751.7789306640625,-0.7291181464662061,0.6313628606262791,0.05202416487028816,0.2589616824648674
607,10.116667,-309.54783630371094,998.9087524414062,751.7795715332031,-0.7291256796413469,0.6313515813147984,0.0520148408973537,0.258969844548106
608,10.133333,-309.554443359375,998.91357421875,751.7802124023438,-0.7291332125254848,0.6313403016399635,0.05200551719571994,0.25897800697864615
609,10.15,-309.55287170410156,998.9123229980469,751.7804260253906,-0.7291308090310116,0.6313444155949548,0.052006679709054614,0.25897451126411575
610,10.166667,-309.5513000488281,998.9110717773438,751.7806396484375,-0.7291284054934771,0.631348529532207,0.0520078422648881,0.25897101556546887
611,10.183333,-309.51971435546875,998.8876953125,751.7784729003906,-0.7290906706491603,0.6314063452902479,0.05204889907512258,0.2589280463847775
612,10.2,-309.4881286621094,998.8643188476562,751.7763061523438,-0.7290529280821678,0.6314641529935433,0.05208996322162102,0.258885085067747
613,10.216667,-309.41319274902344,998.8092651367188,751.7697143554688,-0.7289657840236632,0.631595891489812,0.05219190155475696,0.2587885642528551
614,10.233333,-309.3382568359375,998.7542114257812,751.7631225585938,-0.7288786000960148,0.6317275839994361,0.05229387740141678,0.25869208786245296
615,10.25,-309.2762756347656,998.7095336914062,751.7552795410156,-0.7288109704278911,0.6318267634769135,0.052386431760033526,0.2586216775633769
616,10.266667,-309.21429443359375,998.6648559570312,751.7474365234375,-0.7287433183209854,0.631925910538339,0.05247900664970621,0.2585512975288852
617,10.283333,-309.3661651611328,998.7785949707031,751.7545776367188,-0.7289315280603744,0.6316340905739386,0.05229419522754231,0.25877117337505906
618,10.3,-309.5180358886719,998.892333984375,751.76171875,-0.7291195396465783,0.6313420885186319,0.052109573758989634,0.25899122860272733
619,10.316667,-310.1675720214844,999.3716125488281,751.8127746582031,-0.729884723039031,0.6301753298431952,0.051245706176887014,0.2598484603181044
620,10.333333,-310.8171081542969,999.8508911132812,751.8638305664062,-0.7306467757230293,0.629005140657376,0.05038479483323164,0.26070902286217307
621,10.35,-311.86111450195307,1000.6141052246094,751.9657592773438,-0.7318307975182374,0.6272036640450745,0.04892506881674257,0.2620030252755321
622,10.366667,-312.9051208496094,1001.3773193359375,752.0676879882812,-0.733007446589679,0.6253931617673493,0.04747220164542198,0.2633056522934011
623,10.383333,-312.89659118652344,1001.3529052734375,752.1183471679688,-0.7329033250115563,0.6256176880155592,0.047303627359926215,0.2630923629976074
624,10.4,-312.8880615234375,1001.3284912109375,752.1690063476562,-0.7327990492250787,0.6258422170494629,0.04713519025721422,0.2628789581781894
625,10.416667,-308.52339172363304,998.090515136719,751.8756713867188,-0.7276010835562937,0.6339281975486356,0.052680597296415436,0.2568198945349408
626,10.433333,-304.1587219238281,994.8525390625,751.5823364257812,-0.7222540424606353,0.6418616319330975,0.05836804557253691,0.2509101728856241
627,10.45,-292.93431091308656,986.600952148438,750.6148376464845,-0.7085410071486133,0.6611834161735713,0.07302663539479075,0.23552758201278867
628,10.466667,-281.70989990234375,978.349365234375,749.6473388671875,-0.6939196966559488,0.6795111786061359,0.08856593253413955,0.22112459912134175
629,10.483333,-266.66697692871173,967.4244384765631,748.0138549804689,-0.6742965320117504,0.7023025841777351,0.10877210846869856,0.20065865441957806
630,10.5,-251.62405395507812,956.49951171875,746.38037109375,-0.6531419055543267,0.7233880428552527,0.13049993655039807,0.18189325777293727
631,10.516667,-239.77639007568297,948.2045898437495,744.4182739257811,-0.6375323228704272,0.7376351454529568,0.14760843135882945,0.16630899097709106
632,10.533333,-227.92872619628906,939.90966796875,742.4561767578125,-0.6210717528711973,0.7508940230142506,0.16556563141325087,0.1517104666188331
633,10.55,-222.65513610839815,936.7955932617186,740.3679199218749,-0.6162916734038549,0.7543809008514784,0.1741598075467093,0.14409160683010422
634,10.566667,-217.3815460205078,933.6815185546875,738.2796630859375,-0.6113653854934094,0.7577100533863387,0.18287826490824288,0.13661398406428762
635,10.583333,-216.49557495117182,933.9869079589844,736.011505126953,-0.613933607918763,0.7561575268899157,0.18412668269607393,0.13194197328718557
636,10.6,-215.60960388183594,934.2922973632812,733.7433471679688,-0.6164716340336819,0.7545936404124661,0.18535350318742105,0.1272605246612422
637,10.616667,-215.892822265625,935.3191833496095,731.2684020996093,-0.6196778954953555,0.7533620994852197,0.18332189745490823,0.12181106192461061
638,10.633333,-216.17604064941406,936.3460693359375,728.79345703125,-0.6228558673352002,0.7521010472165692,0.18125097075293561,0.11637297324969319
639,10.65,-216.1067123413086,936.7091064453125,726.2021484374999,-0.6234027847648201,0.7531058531236461,0.17885249261474062,0.1105094015180015
640,10.666667,-216.03738403320312,937.0721435546875,723.61083984375,-0.6239064531152366,0.7540927687018218,0.1764525535576844,0.10463904766270679
641,10.683333,-215.35372161865232,936.5945129394531,721.0195007324218,-0.6220107697737889,0.756758373473527,0.17450513555861882,0.0998364869513565
642,10.7,-214.67005920410156,936.1168823242188,718.4281616210938,-0.6200675750841733,0.7594081855923046,0.1725890534590244,0.09501804360622768
643,10.716667,-213.414321899414,935.1082763671875,715.9856872558593,-0.6173208197260166,0.7623333254511306,0.1710326490989084,0.09225366866216787
644,10.733333,-212.15858459472656,934.0996704101562,713.543212890625,-0.6145457745348211,0.7652431263043572,0.16950031082752243,0.08947677505757473
645,10.75,-210.3192596435547,932.8555297851562,711.4464416503906,-0.6122500946521423,0.7673810891422223,0.16830336595027962,0.08916312374039866
646,10.766667,-208.4799346923828,931.6113891601562,709.3496704101562,-0.6099465892913238,0.7695105614222234,0.16710951881139682,0.0888429107704101
647,10.783333,-206.1278533935548,930.309295654297,707.7410278320314,-0.6086417158866521,0.7705766179935557,0.16593022425006174,0.09074193167709076
648,10.8,-203.77577209472656,929.0072021484375,706.1323852539062,-0.6073307003392197,0.7716389299672322,0.16474561626861756,0.09263727168246774
649,10.816667,-201.1583404541017,927.796356201172,705.0164489746094,-0.606961398074221,0.7719120706080631,0.16293546039558834,0.09592524299180684
650,10.833333,-198.54090881347656,926.5855102539062,703.9005126953125,-0.6065751711663778,0.7721802512994413,0.16112513000012627,0.09921145957022098
651,10.85,-195.9824142456056,925.6080932617189,703.1386413574219,-0.6067789575943645,0.7721383615204697,0.15835503553272787,0.10269045725192469
652,10.866667,-193.42391967773438,924.6306762695312,702.3767700195312,-0.606961988431294,0.7720857719919213,0.15558994708576213,0.10617190613819812
653,10.883333,-191.23049926757824,923.9439697265625,701.6611022949219,-0.6072781628298822,0.7721954971774082,0.15221643379383984,0.10843202650501398
654,10.9,-189.03707885742188,923.2572631835938,700.9454345703125,-0.6075855707734196,0.7722896559924222,0.14884430743517868,0.11069703509663839
655,10.916667,-187.4529113769532,922.8163452148438,699.8387451171875,-0.6077212498513873,0.7728010309676573,0.14579647527472991,0.11043929016368517
656,10.933333,-185.86874389648438,922.3754272460938,698.7320556640625,-0.6078590344439553,0.773298676128955,0.14274533372324544,0.11018312684938353
657,10.95,-184.99636840820318,922.1196899414062,696.8922729492189,-0.6080686430872652,0.7739062165712869,0.1411377323610977,0.10677936949755654
658,10.966667,-184.12399291992188,921.8639526367188,695.052490234375,-0.6082643237587088,0.7745061787190192,0.13953029060737016,0.10337306018226593
659,10.983333,-183.8340759277344,921.7666931152344,692.4810791015626,-0.609201871448662,0.7743875382458868,0.14031693791021882,0.09750988343969567
660,11.0,-183.54415893554688,921.66943359375,689.90966796875,-0.6100908081561323,0.7742621444532236,0.141100365177937,0.09164073557510229
661,11.016667,-183.50070190429688,921.6916198730469,686.9858398437499,-0.6119628397815764,0.7728834700278192,0.14456118738261328,0.08517445383889816
662,11.033333,-183.45724487304688,921.7138061523438,684.06201171875,-0.6137713565778959,0.7714841323241157,0.14800177215618054,0.07869199994450378
663,11.05,-183.3117218017578,921.7586975097656,681.3346252441405,-0.6157540582823906,0.7694386738819224,0.15306652703822052,0.07336010594357588
664,11.066667,-183.16619873046875,921.8035888671875,678.6072387695312,-0.6176899436861513,0.7673569407499788,0.15810652372937814,0.06800577994585842
665,11.083333,-182.74279785156247,921.7606506347656,676.510040283203,-0.6183856556684697,0.7661533786021091,0.16265582375488472,0.06443030590234644
666,11.1,-182.31939697265625,921.7177124023438,674.412841796875,-0.61906053530123,0.7649227301983135,0.16719650849028425,0.06084897704293058
667,11.116667,-181.59364318847653,921.5904235839844,673.0632324218749,-0.6177044459211406,0.7656677535118686,0.1695313647549211,0.0587641479618232
668,11.133333,-180.86788940429688,921.463134765625,671.713623046875,-0.6163384225293699,0.7664024785104383,0.17187383296035344,0.05668840613901238
669,11.15,-179.8620986938476,921.4314270019531,670.8747253417969,-0.6135679415730177,0.7687134024025445,0.17184613939581164,0.055524682937491424
670,11.166667,-178.85630798339844,921.3997192382812,670.0358276367188,-0.6107841885014113,0.7710137084146859,0.1718295100226304,0.0543613465496313
671,11.183333,-177.66538238525385,921.6622009277344,669.3145751953124,-0.6080603820735752,0.7734956564708289,0.1705983355369821,0.05350933643122965
672,11.2,-176.47445678710938,921.9246826171875,668.5933227539062,-0.6053245554425486,0.7759654754040255,0.16937483295289907,0.05264911700554069
673,11.216667,-175.3302841186523,922.4548645019531,667.7938232421875,-0.6036483406392047,0.7775792982862944,0.16823088222844543,0.051744429504705806
674,11.233333,-174.1861114501953,922.9850463867188,666.9943237304688,-0.6019665378780267,0.7791871772568618,0.16709111950728225,0.05083490784322611
675,11.25,-173.3587646484375,923.5263366699219,666.2568664550781,-0.6013461681752247,0.7798353159471485,0.16655534791845666,0.04998981998714696
676,11.266667,-172.5314178466797,924.067626953125,665.5194091796875,-0.600724093630319,0.780482224024344,0.16602091614020872,0.04914383702979832
677,11.283333,-172.13995361328128,924.3876037597656,665.0833435058594,-0.6006725672107714,0.780571324870884,0.1659358809185898,0.048643162042632346
678,11.3,-171.7484893798828,924.7075805664062,664.6472778320312,-0.6006206892813915,0.7806603378895676,0.16585092085753084,0.04814246051046184
679,11.316667,-171.73321533203125,924.7574157714844,664.6397399902344,-0.600759723459039,0.7805401476199683,0.16595294869371469,0.04800470229757034
680,11.333333,-171.7179412841797,924.8072509765625,664.6322021484375,-0.6008987145476897,0.7804199210410668,0.1660549325795084,0.04786690989821711
681,11.35,-171.98217773437497,924.6416015625,665.1073608398438,-0.6011192877614034,0.7802067791416398,0.16625802019439748,0.047867049038882344
682,11.366667,-172.2464141845703,924.4759521484375,665.58251953125,-0.6013397966717388,0.7799935202905398,0.16646110674465525,0.04786707829926282
683,11.383333,-172.6569671630859,924.2042541503906,666.384063720703,-0.6016244950648416,0.7797167698362693,0.16675043242270443,0.04779141199954259
684,11.4,-173.06752014160156,923.9325561523438,667.1856079101562,-0.6019090837635643,0.7794398119097452,0.16703969966540536,0.047715544937669864
685,11.416667,-173.1384048461914,923.8965454101562,667.3116455078125,-0.6019937407719537,0.7793601528245003,0.16715830411795196,0.04753303719700357
686,11.433333,-173.20928955078125,923.8605346679688,667.4376831054688,-0.602078343837483,0.7792804665991365,0.16727687208996894,0.0473505049893031
687,11.45,-171.8336791992188,924.7955932617188,664.5597534179689,-0.6012079786331384,0.7801245223897838,0.16646863501877582,0.047359154858943237
688,11.466667,-170.45806884765625,925.7306518554688,661.6818237304688,-0.6003366117689197,0.7809667420848989,0.1656603604400161,0.047366077587197485
689,11.483333,-166.68029022216817,928.2350769042968,653.806030273438,-0.5977206851305847,0.7834575436105922,0.1630830157546535,0.04825132017933667
690,11.5,-162.9025115966797,930.739501953125,645.9302368164062,-0.5950954653767588,0.7859315577627639,0.16049978138931445,0.049120197216585414
691,11.516667,-157.49189758300753,934.2401428222659,634.6813964843744,-0.5910189228624678,0.7897145793015964,0.15613614236333967,0.05166256966978838
692,11.533333,-152.08128356933594,937.7407836914062,623.4325561523438,-0.5869150867398131,0.793454506144145,0.15174673825175714,0.0541623030040386
693,11.55,-147.21411895751928,940.7806701660157,613.3318176269526,-0.5828480902946583,0.7971601045199629,0.14620375929764598,0.0587225013842875
694,11.566667,-142.34695434570312,943.820556640625,603.2310791015625,-0.5787340111670386,0.8008097561006268,0.14061537579535016,0.06322969984506578
695,11.583333,-139.27254486083967,945.6635742187501,596.7898559570309,-0.5759546088114353,0.8034244760317765,0.13406315191244436,0.06937197706014053
696,11.6,-136.19813537597656,947.506591796875,590.3486328125,-0.5731084081334665,0.8059787266793066,0.12747088260599318,0.07547329829003688
697,11.616667,-134.51312255859366,948.5451049804688,586.647277832031,-0.5718563107839233,0.8074016738505102,0.11988104471497636,0.08192332999848646
698,11.633333,-132.82810974121094,949.5836181640625,582.9459228515625,-0.5705322013011606,0.8087524893200897,0.11227459848362187,0.08835628349105493
699,11.65,-131.788345336914,950.3415832519531,580.4850463867186,-0.5703708401738238,0.8093075050872367,0.10460385998912948,0.09357616878379553
700,11.666667,-130.7485809326172,951.0995483398438,578.024169921875,-0.570161322625109,0.8097891858364918,0.09693245208534199,0.09880101425279393
701,11.683333,-130.07596588134763,951.6766357421875,576.3636779785155,-0.5704671599480606,0.8098709725103093,0.0910501112216115,0.10191223946382555
702,11.7,-129.40335083007812,952.2537231445312,574.7031860351562,-0.5707561118003193,0.8099084270467207,0.08516945338120054,0.10503316072572365
703,11.716667,-129.07445526123044,952.5670471191406,573.8817749023438,-0.5710544998614312,0.8098495701977765,0.08222155637538371,0.10620756802458613
704,11.733333,-128.7455596923828,952.88037109375,573.0603637695312,-0.5713507369330466,0.8097791872031304,0.07927396922532057,0.10738547938136223
705,11.75,-128.6757583618164,952.9593811035156,572.8848876953125,-0.5714812875399232,0.8097375748922472,0.07866573342963047,0.10745185053461118
706,11.766667,-128.60595703125,953.0383911132812,572.7094116210938,-0.571611885007886,0.8096954157982404,0.078057459059011,0.10751846184863556
707,11.783333,-128.6417007446289,953.0121154785156,572.7980041503906,-0.5716231515356438,0.8096874199127148,0.07838899204808027,0.10727730696300955
708,11.8,-128.6774444580078,952.98583984375,572.8865966796875,-0.5716343152379494,0.809679286916912,0.078720532317233,0.10703616104781029
709,11.816667,-128.7161865234375,952.9507751464844,572.9833984375,-0.5716096410655527,0.809684297392466,0.07907179001539888,0.10687099148384217
710,11.833333,-128.7549285888672,952.9157104492188,573.0802001953125,-0.5715849208807121,0.8096891473803925,0.07942305474701433,0.10670586305754592
711,11.85,-128.76996612548828,952.9007568359375,573.1183166503906,-0.5715666112759091,0.8096943601787036,0.07956005745881373,0.10666231399385585
712,11.866667,-128.78500366210938,952.8858032226562,573.1564331054688,-0.5715482993991656,0.8096995474098928,0.07969706037596956,0.10661877388886677
713,11.883333,-128.7848663330078,952.8851318359375,573.1566467285156,-0.5715428765208469,0.8097016535419359,0.07969739353194658,0.10663159950945457
714,11.9,-128.78472900390625,952.8844604492188,573.1568603515625,-0.5715374534315473,0.8097037595924297,0.07969772656808624,0.10664442510860721
715,11.916667,-128.78231048583984,952.8860778808594,573.14990234375,-0.571539260168101,0.8097032798060948,0.0796687495459478,0.10666003517502692
716,11.933333,-128.77989196777344,952.8876953125,573.1429443359375,-0.5715410664762142,0.8097027989370277,0.07963977260230441,0.10667564550837329
717,11.95,-128.7823028564453,952.8843688964844,573.1446533203125,-0.5715457326830797,0.8097004256890176,0.07963258788438973,0.10667402231855785
718,11.966667,-128.7847137451172,952.8810424804688,573.1463623046875,-0.5715503988972467,0.8096980523261936,0.07962540313767022,0.10667239921709037
719,11.983333,-128.7915267944336,952.8731079101562,573.1560363769531,-0.5715555167461043,0.8096948352048168,0.07964019894983139,0.10665835096685879
720,12.0,-128.79833984375,952.8651733398438,573.1657104492188,-0.5715606342526681,0.8096916177971321,0.07965499464738757,0.10664430256453142
721,12.016667,-128.79802703857422,952.8659973144531,573.1641235351562,-0.5715601798782234,0.8096919441904565,0.0796522140060224,0.10664633652681287
722,12.033333,-128.79771423339844,952.8668212890625,573.1625366210938,-0.5715597254965396,0.8096922705742209,0.07964943336334165,0.10664837048723153
723,12.05,-128.76598358154297,952.9044799804688,573.1116027832031,-0.5715405925467669,0.8097055949863792,0.07955814674294107,0.10671786076319566
724,12.066667,-128.7342529296875,952.942138671875,573.0606689453125,-0.5715214511361129,0.8097189090366544,0.07946685805344937,0.10678734808428729
725,12.083333,-128.65396881103516,953.0358581542969,572.9365844726562,-0.571474804722373,0.8097514292388599,0.07924559619033637,0.10695469086294256
726,12.1,-128.5736846923828,953.1295776367188,572.8125,-0.5714281092133272,0.8097838885643838,0.07902432206896583,0.10712201614965887
727,12.116667,-128.4993667602539,953.2140808105469,572.7062683105469,-0.5713869449158061,0.8098124739463783,0.07884046558928512,0.10726088385936682
728,12.133333,-128.425048828125,953.298583984375,572.6000366210938,-0.5713457467510275,0.8098410172071044,0.07865659987266047,0.10739973843052594
729,12.15,-128.56768035888672,953.1261291503906,572.8431396484375,-0.5714335443134911,0.8097801503125095,0.07910666198337367,0.10706049048560845
730,12.166667,-128.71031188964844,952.9536743164062,573.0862426757812,-0.5715211402934338,0.8097190321863522,0.07955667942412024,0.1067211781789258
731,12.183333,-129.38748931884768,952.1573791503906,574.1556396484376,-0.5719159279986693,0.8094389126458575,0.08148275583479074,0.10526812669407881
732,12.2,-130.06466674804688,951.361083984375,575.2250366210938,-0.5723070144525848,0.8091541844230292,0.08340792109118884,0.10381380321670734
733,12.216667,-131.21830749511724,950.0239868164062,576.9723205566407,-0.5729503530392637,0.8086704754402948,0.08650305771497967,0.1014750023863495
734,12.233333,-132.3719482421875,948.6868896484375,578.7196044921875,-0.5735841069930014,0.8081748456524565,0.08959563375527194,0.09913280724190499
735,12.25,-132.53125,948.5499267578125,578.7789611816406,-0.5736345542057907,0.8081396915406278,0.08957227636256304,0.0991485979980113
736,12.266667,-132.6905517578125,948.4129638671875,578.8383178710938,-0.5736849984547749,0.8081045331831392,0.0895489213683025,0.09916439219084058
737,12.283333,-128.30284500122093,953.6213684082029,571.7233276367191,-0.5711236196278809,0.8099860956421122,0.07662195853833356,0.10894682849603551
738,12.3,-123.9151382446289,958.8297729492188,564.6083374023438,-0.5683954242528738,0.8116595955505439,0.06365653094813364,0.11867261144329913
739,12.316667,-111.93312454223697,972.8360900878898,546.0062561035166,-0.5604916608684571,0.815038699289135,0.030319521039409304,0.14367234738088724
740,12.333333,-99.95111083984375,986.8424072265625,527.4041748046875,-0.5514907781695518,0.8170370571256934,-0.0031967744736702947,0.16822053831293302
741,12.35,-82.8223114013681,1006.5577392578114,502.00231933593886,-0.5375804891053012,0.8175343638641824,-0.04798569725260083,0.2008535648020055
742,12.366667,-65.69351196289062,1026.2730712890625,476.6004638671875,-0.5217461122647239,0.8155499356203739,-0.09285752243982572,0.23245811960993584
743,12.383333,-50.16834640503012,1043.6094970703116,455.69515991211046,-0.5071081343015843,0.8127755290399122,-0.12816574561425476,0.2565361985572392
744,12.4,-34.64318084716797,1060.9459228515625,434.78985595703125,-0.4913578627465283,0.80844552493385,-0.16342151695183388,0.27977972000979057
745,12.416667,-24.24253320694025,1071.7675781249993,423.9657287597662,-0.4816362747196904,0.8078055394030874,-0.1796539649333188,0.28844611674897597
746,12.433333,-13.841885566711426,1082.5892333984375,413.1416015625,-0.4717504054678635,0.8068159505782597,-0.19591862823532302,0.29684249686289005
747,12.45,-6.706149831414603,1089.1528320312495,409.050964355469,-0.46543494776346483,0.8102232699682332,-0.1995027651321702,0.2951393042395783
748,12.466667,0.42958590388298035,1095.7164306640625,404.9603271484375,-0.45909553580338436,0.8135788670908656,-0.20307172981472923,0.29339834453963926
749,12.483333,7.197025999426481,1101.4465332031248,402.573699951172,-0.4518722574906278,0.8194976967792786,-0.20251041106186435,0.28848660505357265
750,12.5,13.964466094970703,1107.1766357421875,400.18707275390625,-0.4445588101168363,0.8253380926232201,-0.20186196130759365,0.283612844895324
751,12.516667,21.62300968170207,1113.523620605469,397.1635131835936,-0.43438064400609694,0.8323778084103316,-0.20068315565696526,0.27961922540201717
752,12.533333,29.281553268432617,1119.87060546875,394.13995361328125,-0.42409173852283594,0.839262096318984,-0.19942786835651832,0.2757061049772352
753,12.55,37.83347415924118,1126.8078613281255,390.21505737304665,-0.4112541966390171,0.8465136291688667,-0.19800182382889359,0.2740071881148066
754,12.566667,46.38539505004883,1133.7451171875,386.2901611328125,-0.3983080809769391,0.8535238431393666,-0.19656384677821676,0.2724158144470027
755,12.583333,55.453248977661616,1140.8298339843755,381.8789825439451,-0.38416975792107444,0.8601574727756396,-0.19483799286717765,0.2730949938438592
756,12.6,64.52110290527344,1147.91455078125,377.4678039550781,-0.36993836629816074,0.8664961945881348,-0.19316989180377106,0.2738892893222524
757,12.616667,73.8084487915044,1154.8288574218752,372.9295654296873,-0.3561399265356845,0.8717499663840418,-0.19141447886419852,0.276725217711951
758,12.633333,83.09579467773438,1161.7431640625,368.3913269042969,-0.3422751292149329,0.8767165093827445,-0.18976227602381324,0.2796536727720544
759,12.65,92.465454101563,1168.369323730469,363.84217834472634,-0.330310753259533,0.8802964439082196,-0.18808880350143542,0.28389360528384755
760,12.666667,101.83511352539062,1174.9954833984375,359.29302978515625,-0.3183063310022108,0.8836499405182324,-0.18651972797278915,0.28819134848741024
761,12.683333,111.2193489074712,1181.3238525390627,354.6659240722654,-0.3090012887833656,0.8861488476240414,-0.18465868811519767,0.2918211649081965
762,12.7,120.60358428955078,1187.6522216796875,350.038818359375,-0.29968078557289834,0.8885009604368304,-0.18286510132393977,0.29549589638271734
763,12.716667,129.95733261108447,1193.7152099609377,345.23086547851534,-0.2930018378400852,0.8911225481057384,-0.18056373715072024,0.2957148357895389
764,12.733333,139.3110809326172,1199.7781982421875,340.42291259765625,-0.286313216990525,0.8936640666404597,-0.17827409947267817,0.29598584971139774
765,12.75,148.6736297607422,1205.6264038085938,335.4008026123047,-0.2816664496959187,0.8972688502182127,-0.17595543193566646,0.2908819477315775
766,12.766667,158.0361785888672,1211.474609375,330.3786926269531,-0.276944074996644,0.9008280831141767,-0.17355582895424498,0.28581308268358907
767,12.783333,167.52846527099558,1217.1897583007808,325.20382690429716,-0.27341212926657327,0.9052444457484027,-0.1723926253614893,0.2757881138348044
768,12.8,177.020751953125,1222.9049072265625,320.0289611816406,-0.26970005325057783,0.9096092528046215,-0.17103696311347635,0.26574281878871736
769,12.816667,186.70384979247996,1228.662414550781,314.8302764892581,-0.2661647604890492,0.9139205628926218,-0.17207505704327059,0.2535659672341613
770,12.833333,196.38694763183594,1234.419921875,309.631591796875,-0.2624359605069737,0.9181525623421037,-0.17287601156799356,0.24132369034505105
771,12.85,206.18006896972605,1240.505432128906,304.53594970703153,-0.2579559024179879,0.9215799126000678,-0.17624184574413934,0.23040839591575626
772,12.866667,215.9731903076172,1246.5909423828125,299.4403076171875,-0.2533714492756906,0.9249159021831227,-0.1794131183598272,0.21941835734759926
773,12.883333,225.74577331542915,1253.2768554687498,294.50892639160185,-0.24767383428982911,0.927319595839119,-0.18441890855382811,0.21148452697245226
774,12.9,235.5183563232422,1259.9627685546875,289.5775451660156,-0.24195304855277736,0.9296355464597363,-0.1892982260129883,0.20347642291641552
775,12.916667,245.20809173583933,1267.334350585937,284.820251464844,-0.2356060226956279,0.9313388829493346,-0.19489741494289836,0.1977692716900389
776,12.933333,254.8978271484375,1274.7059326171875,280.0629577636719,-0.2292643098084133,0.9329591677075555,-0.20041376180491172,0.1919879988897776
777,12.95,264.5110168457026,1282.5811157226558,275.51155090332054,-0.2233572910797808,0.9344417279275888,-0.205398620524872,0.1863909448328529
778,12.966667,274.12420654296875,1290.456298828125,270.96014404296875,-0.21745539547738812,0.935852609833402,-0.21030695383290465,0.18073192527970103
779,12.983333,283.65643310546824,1298.4216308593745,266.7104187011721,-0.21300577542675972,0.9375978169158408,-0.2134188852553239,0.1731798278260764
780,13.0,293.18865966796875,1306.386962890625,262.460693359375,-0.20853450873242266,0.9392828986177929,-0.21642981724059718,0.1655872254767428
781,13.016667,302.5613250732427,1313.8760375976567,258.63546752929665,-0.20605221602994325,0.9415804523840268,-0.21665537372396776,0.15501349939269526
782,13.033333,311.9339904785156,1321.3651123046875,254.81024169921875,-0.20347318042369952,0.9438045750554104,-0.21674131996711488,0.14441187337491823
783,13.05,320.9583587646489,1327.7746582031255,251.52032470703108,-0.20280123367385,0.9465114379346121,-0.21370610631323286,0.13159581149776248
784,13.066667,329.98272705078125,1334.1842041015625,248.23040771484375,-0.2019326497164862,0.9491072439997357,-0.2105152393539211,0.11875175099958044
785,13.083333,338.3356781005864,1339.0857543945315,245.6207122802733,-0.20217861945598747,0.9517243598186554,-0.20480551869248156,0.10676726219092167
786,13.1,346.6886291503906,1343.9873046875,243.01101684570312,-0.20220485896494236,0.9542222535197711,-0.19898074022985227,0.09476154766674834
787,13.116667,353.95953369140665,1347.3087158203127,241.30410766601554,-0.2018028592716071,0.9563121998348387,-0.19233249953431292,0.0880385827903828
788,13.133333,361.2304382324219,1350.630126953125,239.59719848632812,-0.20129743344848436,0.9583345727941146,-0.18563662637332737,0.08132178566229781
789,13.15,367.08984375000034,1352.5715942382812,238.98538970947263,-0.19859826191669847,0.9596851632286842,-0.1806490390060082,0.08324087066222959
790,13.166667,372.9492492675781,1354.5130615234375,238.3735809326172,-0.19591770200321235,0.9609893325048051,-0.17566619610004255,0.08518887486926456
791,13.183333,377.3403778076174,1355.3150024414062,238.81168365478518,-0.19029567814366002,0.961328972057659,-0.174592851818236,0.09566346458489029
792,13.2,381.73150634765625,1356.116943359375,239.24978637695312,-0.18462592090859564,0.961521351423957,-0.17357010936869083,0.10612905925448003
793,13.216667,384.9375610351564,1356.0087280273438,240.392318725586,-0.177290863703086,0.960515347349067,-0.1768101557848686,0.12131111229250859
794,13.233333,388.14361572265625,1355.9005126953125,241.53485107421875,-0.1697323721648863,0.9592440953727566,-0.18010424659697535,0.13639702228977765
795,13.25,390.69972229003906,1355.1658935546875,242.94831085205078,-0.16330333354043505,0.9570134402619888,-0.18594241852644167,0.15127033220374667
796,13.266667,393.2558288574219,1354.4312744140625,244.3617706298828,-0.15659061096200214,0.9545378911554534,-0.191767909345045,0.16601766126673803
797,13.283333,395.72865295410145,1353.3272094726562,245.81655883789054,-0.15325016313958922,0.9517220526215693,-0.197914644054929,0.1776775611046228
798,13.3,398.20147705078125,1352.22314453125,247.27134704589844,-0.14969300027481025,0.9487681123590349,-0.2039848374008165,0.189265054222806
799,13.316667,400.9241943359374,1350.83154296875,248.82830047607413,-0.14945856207871938,0.9457645696978626,-0.20928094498621236,0.19847670641981227
800,13.333333,403.64691162109375,1349.43994140625,250.38525390625,-0.14906720332998205,0.9426841235611226,-0.2144739837872672,0.20766926194214397
801,13.35,406.59080505371077,1347.7244262695315,252.21521759033195,-0.149909242441103,0.9391942557675284,-0.21890254572576626,0.21799780833483612
802,13.366667,409.5346984863281,1346.0089111328125,254.04518127441406,-0.15056871359786864,0.9356251946138089,-0.22318132089397708,0.2283082470989053
803,13.383333,412.41108703613264,1344.0647583007812,256.15819549560536,-0.14988449703578585,0.9313913794939963,-0.22670288379999287,0.2421787319922352
804,13.4,415.2874755859375,1342.12060546875,258.2712097167969,-0.1489310106730995,0.9270362803881647,-0.23000230254598023,0.2559731035236176
805,13.416667,417.7902679443358,1340.2506713867188,260.4320068359374,-0.14478246843493442,0.9230250814835572,-0.23202937718974764,0.2706013745476873
806,13.433333,420.2930603027344,1338.3807373046875,262.5928039550781,-0.14039171540044992,0.9188580582456309,-0.23389292896534933,0.2851037229220236
807,13.45,422.2820281982421,1336.8297729492188,264.4920959472655,-0.1320589586819201,0.9171830133344974,-0.2340059584915137,0.294239635115608
808,13.466667,424.27099609375,1335.27880859375,266.3913879394531,-0.12368489733756387,0.9153482930744571,-0.2341642104868137,0.30332601448501156
809,13.483333,425.77474975585926,1334.0057983398438,267.83972167968744,-0.11184839692995585,0.9171949977371328,-0.23272268203190358,0.3034525094608011
810,13.5,427.27850341796875,1332.7327880859375,269.2880554199219,-0.10001514173306904,0.9188433026948907,-0.2313224360261033,0.3036673955297291
811,13.516667,428.38635253906256,1331.5123291015625,270.26400756835943,-0.08637101952658253,0.9230033454108713,-0.22895721091345098,0.2969570119007331
812,13.533333,429.49420166015625,1330.2918701171875,271.2399597167969,-0.07257082116457253,0.9268999473526216,-0.2263991922448346,0.2904020820588122
813,13.55,430.2660217285157,1328.9113159179688,271.82850646972656,-0.059021127017005175,0.9311135853639928,-0.22353689098006127,0.2820908649481959
814,13.566667,431.037841796875,1327.53076171875,272.41705322265625,-0.04526534668948008,0.9350561356210022,-0.22040428075694923,0.2739398193958134
815,13.583333,431.47938537597656,1325.8222045898435,272.70030212402344,-0.03326649085403055,0.9379455627401686,-0.21726523103584092,0.2682299038236229
816,13.6,431.9209289550781,1324.1136474609375,272.9835510253906,-0.021153391537661128,0.9406250368359212,-0.21397860384757916,0.2626599154787743
817,13.616667,432.0009307861328,1321.9001464843748,272.955322265625,-0.011589903872824657,0.9421036503714202,-0.2103881574020058,0.26085093312091584
818,13.633333,432.0809326171875,1319.6866455078125,272.9270935058594,-0.0020055956819434585,0.943439389117052,-0.20677809592796684,0.25915423147772176
819,13.65,431.7788848876953,1316.804260253906,272.5113525390625,0.004371644874431105,0.9441188281327623,-0.2021001748598949,0.26033833065438383
820,13.666667,431.4768371582031,1313.921875,272.0956115722656,0.010721099144003977,0.9447006037325908,-0.1974526098661016,0.2616071371302552
821,13.683333,430.83377075195307,1310.2999877929685,271.24417114257807,0.012958944489014291,0.9453402411117652,-0.1910303985972344,0.26395317975781646
822,13.7,430.1907043457031,1306.6781005859375,270.3927307128906,0.015155880022392635,0.9459092103833743,-0.18462750576530032,0.2663432918763534
823,13.716667,429.275161743164,1302.3707275390623,269.1263122558593,0.012710289245572133,0.9472411403889581,-0.1763745728481463,0.26732878736595944
824,13.733333,428.359619140625,1298.0633544921875,267.8598937988281,0.010249136648530178,0.9485004217563645,-0.16811164647890897,0.26829159406158937
825,13.75,427.1575164794922,1293.2122802734375,266.2223815917969,0.003934436569765938,0.9510333575850934,-0.1585676252551277,0.265285471125449
826,13.766667,425.9554138183594,1288.3612060546875,264.5848693847656,-0.0023281475437186175,0.9534424214336231,-0.1490103697346295,0.26217940127201605
827,13.783333,424.3428192138673,1283.1251220703127,262.6544342041017,-0.010545623234271365,0.9569006784561095,-0.13868723239703937,0.25494260720971645
828,13.8,422.730224609375,1277.8890380859375,260.7239990234375,-0.01862826590856183,0.9601537333402426,-0.12836517679386464,0.24754833356077005
829,13.816667,420.5779571533204,1272.3643188476565,258.6760253906251,-0.026659800064340388,0.9634655042961173,-0.11723541700775715,0.2393310136421422
830,13.833333,418.4256896972656,1266.839599609375,256.6280517578125,-0.03451983870960391,0.9665468859881342,-0.10610646972673701,0.23094786209063065
831,13.85,415.7141418457033,1261.0354003906252,254.67857360839855,-0.040779650357031245,0.9688517853070673,-0.09393833354050553,0.2254746720048603
832,13.866667,413.0025939941406,1255.231201171875,252.72909545898438,-0.04691316109907272,0.9709631434127548,-0.08175598890589753,0.219876528369295
833,13.883333,409.86666870117205,1249.1307983398442,251.00206756591805,-0.0507159720641312,0.9721569551978739,-0.06870622643967728,0.21821594599480784
834,13.9,406.7307434082031,1243.0303955078125,249.27503967285156,-0.05448290192071093,0.9731734317365621,-0.05564074772246982,0.21649293834503158
835,13.916667,403.41894531250017,1236.6501464843755,247.7737121582032,-0.05627116090144369,0.9735806706173891,-0.042418820101407885,0.21719778532987608
836,13.933333,400.1071472167969,1230.2698974609375,246.2723846435547,-0.0580896507758946,0.9738046171135903,-0.029199343291846362,0.21789345679095798
837,13.95,396.88087463378923,1223.6276855468755,244.95515441894537,-0.058812524092062356,0.9739286765789302,-0.016807544299770084,0.21845257243105481
838,13.966667,393.65460205078125,1216.9854736328125,243.63792419433594,-0.05956123365381104,0.9738887237286685,-0.0044232205634953,0.21902887562973938
839,13.983333,390.7388305664064,1210.029907226563,242.47029113769537,-0.059622669618061265,0.9742762731480538,0.006535557462154979,0.21722837599405267
840,14.0,387.82305908203125,1203.0743408203125,241.3026580810547,-0.05964822020636399,0.9745329401276888,0.01750865250461623,0.21545553026034953
841,14.016667,385.4467010498046,1195.6833496093748,240.23423004150385,-0.05847669151688337,0.9753578271093878,0.02762751461788387,0.21093673478493846
842,14.033333,383.0703430175781,1188.2923583984375,239.16580200195312,-0.05720204851113731,0.976048882444543,0.03779560006268744,0.20646548704514664
843,14.05,381.455108642578,1180.3676757812495,238.0937423706054,-0.05351112039758817,0.9769362564394808,0.048672357988346016,0.20090573017129806
844,14.066667,379.8398742675781,1172.4429931640625,237.0216827392578,-0.049672119880211155,0.9776360310856024,0.05963846744211307,0.19545773054794466
845,14.083333,379.1057739257812,1163.9968872070308,235.7933502197265,-0.04203810080119831,0.9781121840610746,0.07262724197566028,0.1904065051286635
846,14.1,378.3716735839844,1155.55078125,234.5650177001953,-0.0342346478583525,0.9782764611183222,0.08574003531864492,0.18561196311494577
847,14.116667,378.55592346191406,1146.6903686523433,233.03100585937491,-0.022153802655291856,0.9780935166221494,0.10109394190590436,0.18061643524207077
848,14.133333,378.74017333984375,1137.8299560546875,231.4969940185547,-0.00986485657205624,0.9773922730765042,0.11661894891289136,0.17608818781965388
849,14.15,379.93286132812506,1128.6889038085933,229.59567260742176,0.005209497465277898,0.9765134371490729,0.13357841999585574,0.1689709262413923
850,14.166667,381.12554931640625,1119.5478515625,227.69435119628906,0.02061105190118677,0.9748995360067003,0.15081586757087545,0.16248277854065438
851,14.183333,383.468231201172,1110.289672851562,225.47892761230457,0.03569632595467142,0.9735591902244775,0.16797024109416256,0.15064618664130328
852,14.2,385.8109130859375,1101.031494140625,223.2635040283203,0.05127522785004714,0.9713511493022057,0.18550493497548431,0.13941203268710878
853,14.216667,389.32324218750017,1091.9157104492183,220.82710266113267,0.06390160316091315,0.9698331936118769,0.20124106346796714,0.12182855189295522
854,14.233333,392.8355712890625,1082.7999267578125,218.3907012939453,0.07707729911886073,0.9674179525946562,0.21727896108823594,0.1046491663919113
855,14.25,397.3126983642578,1074.1553955078125,215.7778091430664,0.08690272175234533,0.9655831725851226,0.23045073569836233,0.08360330249797095
856,14.266667,401.7898254394531,1065.5108642578125,213.1649169921875,0.09716705589110748,0.9629248960528142,0.24370823938126995,0.06277341689611016
857,14.283333,406.90814208984347,1057.5964355468755,210.34696960449233,0.10545932345232119,0.9604223255460125,0.2542532548321244,0.04269156939067431
858,14.3,412.0264587402344,1049.6820068359375,207.52902221679688,0.11404035776694121,0.9572740663546341,0.2647709243664278,0.022748984491604878
859,14.316667,417.5341491699216,1042.604370117188,204.42626190185564,0.1219300382083494,0.9540410142442755,0.2736552712799264,0.0071834130449664885
860,14.333333,423.0418395996094,1035.5267333984375,201.32350158691406,0.13000389229342738,0.9503733230861054,0.28252680058051877,-0.008254799123411635
861,14.35,428.8570861816403,1029.2478027343752,197.81873321533223,0.13746470550830645,0.9466771680696289,0.29083883341642247,-0.017848450133177016
862,14.366667,434.6723327636719,1022.9688720703125,194.31396484375,0.1450399448927591,0.9427199194680657,0.2991592343838441,-0.027318863565335447
863,14.383333,440.8347015380856,1017.3161621093753,190.23319244384788,0.15102991452558992,0.9390464797775376,0.30726666459811836,-0.03112668569820808
864,14.4,446.9970703125,1011.6634521484375,186.1524200439453,0.15707206798984533,0.9352316758369779,0.315367355360788,-0.0348354581036869
865,14.416667,453.53576660156216,1006.3678588867191,181.27419281005885,0.1601825901214088,0.9321355077555651,0.3229352261878217,-0.03431869301549414
866,14.433333,460.074462890625,1001.072265625,176.39596557617188,0.16329200112150666,0.9289672965448161,0.33047865404971927,-0.03375416326078199
867,14.45,466.9213714599606,995.8477783203128,170.55976867675813,0.1626923188476909,0.926789654201231,0.33708319019944655,-0.03109773526299608
868,14.466667,473.7682800292969,990.623291015625,164.72357177734375,0.16206189979034283,0.9245619951333618,0.3436736160664575,-0.02845177342745891
869,14.483333,480.7587738037106,985.2182617187503,157.96578216552768,0.15838293616680427,0.9232064281847591,0.34921796585976606,-0.025525454164195688
870,14.5,487.749267578125,979.813232421875,151.20799255371094,0.15466767302582854,0.9217934506969372,0.3547702513023579,-0.02264539608552778
871,14.516667,494.64216613769565,974.0224914550778,143.79505920410116,0.1500463917362092,0.9208127256820103,0.35941246521201137,-0.020314635099743485
872,14.533333,501.5350646972656,968.2317504882812,136.3821258544922,0.14539760101787544,0.9197763663753104,0.3640684168717811,-0.018032229816431874
873,14.55,508.06095886230503,961.9324951171872,128.72028350830038,0.14248137571389802,0.9186884593269548,0.3680317968782122,-0.016222477022193107
874,14.566667,514.5868530273438,955.6332397460938,121.05844116210938,0.13954899234131168,0.9175699225055267,0.37199870968536747,-0.01443869946179524
875,14.583333,520.5426940917972,948.864837646484,113.56924057006796,0.14012746750522462,0.9160922414470404,0.3754708001667663,-0.012687640964253805
876,14.6,526.49853515625,942.096435546875,106.08003997802734,0.14069441985242157,0.9146004663359781,0.37893475430847884,-0.01093248268119315
877,14.616667,531.8117675781253,935.0903930664059,99.13234329223596,0.14489007451239216,0.9127617522041378,0.38182605625832405,-0.009039512334234837
878,14.633333,537.125,928.0843505859375,92.18464660644531,0.14907220194658674,0.9108949042779305,0.38470411048117276,-0.0071203473360137255
879,14.65,541.8774108886721,921.1351318359372,86.08768463134733,0.15563250946108406,0.909067165005554,0.3864555272759665,-0.005247565670399243
880,14.666667,546.6298217773438,914.1859130859375,79.99072265625,0.162177718441529,0.9071880921196335,0.3881970256328485,-0.003349992126698916
881,14.683333,551.0658874511721,907.4446411132809,74.99288558959934,0.1696093349077996,0.9058591035771477,0.38813604117290085,-0.0015399744051421249
882,14.7,555.501953125,900.703369140625,69.99504852294922,0.1770292345654631,0.9044680936158388,0.3880696400309117,0.00026874965128596004
883,14.716667,559.9689025878909,894.092132568359,66.26167297363261,0.1845140295000583,0.9038537202563955,0.3860023061653826,0.0022901815062208774
884,14.733333,564.4358520507812,887.4808959960938,62.528297424316406,0.19199607096948687,0.9031723588757798,0.38392564722876543,0.004277416862192675
885,14.75,569.270263671875,880.7388305664062,60.12167167663574,0.19935346727476677,0.9031142729932022,0.3802608945241463,0.006667615554643551
886,14.766667,574.1046752929688,873.9967651367188,57.71504592895508,0.2067198311258305,0.9029816582511985,0.3765767704887473,0.0089984559502943
887,14.783333,579.5351257324216,866.7562255859378,56.60581016540533,0.21403058577289477,0.903141526016344,0.3720154769150821,0.011435789182423056
888,14.8,584.965576171875,859.5156860351562,55.49657440185547,0.22135640289417072,0.9032197206167727,0.3674303184125554,0.013800010795676955
889,14.816667,591.0300292968747,851.4233398437505,55.60289192199706,0.22886092508429592,0.9032753943101943,0.362583999536239,0.015782340879218607
890,14.833333,597.094482421875,843.3309936523438,55.70920944213867,0.23637650385041384,0.9032438973471227,0.35772033069670006,0.017685455574545213
891,14.85,603.6005554199215,834.207885742188,56.94439506530755,0.24438221505658042,0.9030205796547781,0.3527937217798691,0.019176953790836643
892,14.866667,610.1066284179688,825.0847778320312,58.17958068847656,0.25239133789332757,0.9027010669659199,0.3478587864301814,0.02058302597597197
893,14.883333,616.6896057128903,815.0186157226568,60.470048904418825,0.2611634487625813,0.9021507959256894,0.3426648168957032,0.022325270500350217
894,14.9,623.2725830078125,804.9524536132812,62.76051712036133,0.26993829679677145,0.9014876465793258,0.3374593578309881,0.023969163515307725
895,14.916667,629.4901733398434,794.2777404785162,65.97519111633284,0.2797501951778581,0.9005168219578755,0.3317777661611315,0.027070196710917097
896,14.933333,635.707763671875,783.60302734375,69.18986511230469,0.28957494516997917,0.8994056291735287,0.32605645212624257,0.03005087964801888
897,14.95,641.1304321289059,772.8083801269537,73.03590393066386,0.3006518887119456,0.897788648457335,0.3199291298493924,0.03506189368676776
898,14.966667,646.5531005859375,762.0137329101562,76.88194274902344,0.3117511244548147,0.8959926510848863,0.31371060721705535,0.03992568750243595
899,14.983333,650.9019470214841,751.6235046386724,80.91619491577127,0.3239185708410157,0.8934728179365746,0.3076461625885494,0.04622685061012115
900,15.0,655.2507934570312,741.2332763671875,84.95044708251953,0.3360986676939125,0.8907434366406577,0.3014488345831503,0.05236807982376283
901,15.016667,658.5219116210939,731.7166442871089,88.71963500976582,0.34834941543515757,0.8873244204629168,0.2964446775450384,0.05855434032888497
902,15.033333,661.7930297851562,722.2000122070312,92.48882293701172,0.36058470657721897,0.8837081471409987,0.29131442121549994,0.06461027821579432
903,15.05,664.2239074707032,713.9245910644527,95.67643737792986,0.37099232016011036,0.8800301015904809,0.2882614670828441,0.06940493694336496
904,15.066667,666.65478515625,705.649169921875,98.86405181884766,0.381367619311447,0.8762205903229895,0.2851318086907779,0.07413546861979542
905,15.083333,668.5321655273439,698.8584594726559,101.34973907470716,0.38785702440618547,0.8735047730265438,0.28397654216324203,0.07690034863142164
906,15.1,670.4095458984375,692.0677490234375,103.8354263305664,0.39432736064320867,0.8707400566239554,0.2827954238268639,0.07965195980800617
907,15.116667,671.8902282714845,686.8900451660154,105.6519775390626,0.3959734706991266,0.8700374330888356,0.28244585124813076,0.08040035223428135
908,15.133333,673.3709106445312,681.7123413085938,107.4685287475586,0.3976183583973214,0.8693316072118836,0.282094400107538,0.08114768755664278
909,15.15,674.4706115722657,678.221008300781,108.69894027709967,0.3950140398925181,0.8708578236976535,0.2812784487070416,0.08033052648488626
910,15.166667,675.5703125,674.7296752929688,109.92935180664062,0.39240452718781005,0.8723748034369688,0.2804596469081263,0.0795190280812736
911,15.183333,676.2910461425781,673.0195007324218,110.60907363891604,0.3864953874932773,0.87573596646958,0.27872306599764796,0.07759693910769337
912,15.2,677.0117797851562,671.309326171875,111.2887954711914,0.38056024149806256,0.8790506252536568,0.27697124221926045,0.07570225766521639
913,15.216667,677.4245300292969,671.5274353027344,111.37283325195312,0.37129755449464164,0.8839292618139755,0.2748128091134342,0.07269873508172202
914,15.233333,677.8372802734375,671.7455444335938,111.45687103271484,0.3619766412720291,0.8886995978473082,0.27261868388523847,0.06974947423553708
915,15.25,678.0210876464844,674.0595397949219,110.85413360595703,0.3482133857006299,0.8951275997870753,0.2706345967112528,0.06519918083282236
916,15.266667,678.2048950195312,676.37353515625,110.25139617919922,0.33433912332309346,0.9013314797249915,0.26857231351457667,0.060727478835617056
917,15.283333,678.1238708496094,680.906555175781,108.87040710449226,0.31476896556538947,0.9093160175889816,0.26674066989270295,0.053984196744990824
918,15.3,678.0428466796875,685.4395751953125,107.48941802978516,0.29500740900461664,0.9168646666859166,0.26474104425735917,0.04734966843420396
919,15.316667,677.5040283203125,692.1956176757809,105.27529907226575,0.2689738861871222,0.9258215640447848,0.2627571621668949,0.038290388207299485
920,15.333333,676.9652099609375,698.95166015625,103.0611801147461,0.24266225285678306,0.934026983888964,0.2604712459030455,0.029382894062205497
921,15.35,675.6979980468751,707.7443542480464,100.02386093139664,0.2103115691070019,0.9426690880227483,0.2583814982295506,0.019571299363188265
922,15.366667,674.4307861328125,716.5370483398438,96.98654174804688,0.17765078710435378,0.9501807233191254,0.2559257447817808,0.009940021722219671
923,15.383333,672.1452026367189,726.9552001953119,93.19120788574239,0.1401290291090821,0.9569705897888254,0.2540942549534757,0.0026935255357258803
924,15.4,669.859619140625,737.3733520507812,89.3958740234375,0.10235773685162948,0.9622666892020633,0.2520840513987299,-0.0043981347313368346
925,15.416667,666.2362060546876,748.8016967773432,84.93541336059594,0.06232619323641299,0.9660312709688085,0.25072625491701905,-0.005947624932001865
926,15.433333,662.61279296875,760.2300415039062,80.4749526977539,0.02216798333245194,0.968062253798529,0.24961810353818575,-0.007406461468468393
927,15.45,657.3695068359377,771.8953552246088,75.45840835571316,-0.016769685350570527,0.9685046173978806,0.24841890316438528,-0.002373243104183356
928,15.466667,652.126220703125,783.5606689453125,70.44186401367188,-0.05566448235730791,0.967189766216883,0.2478668493320215,0.0027288333479748806
929,15.483333,645.1343688964847,794.5723266601557,64.98188018798858,-0.09073699196980989,0.9648913832206624,0.24614187780387475,0.012868289162516729
930,15.5,638.1425170898438,805.583984375,59.52189636230469,-0.12556043354279992,0.9610206613346225,0.2452324698887013,0.023127942597562855
931,15.516667,629.4806518554683,815.0153503417973,53.72929382324188,-0.15574369806931052,0.9567317754535654,0.24304040136103408,0.03660018654913553
932,15.533333,620.8187866210938,824.4467163085938,47.93669128417969,-0.18549753236912273,0.9511377822342101,0.24167083782155765,0.050227391313714294
933,15.55,610.7988891601557,831.5328369140628,41.926815032958665,-0.21111431372552675,0.9450026126368122,0.2407268242542206,0.066718848418394
934,15.566667,600.7789916992188,838.6189575195312,35.91693878173828,-0.23618525860988304,0.9377654830047768,0.24057393600355778,0.08328627627620598
935,15.583333,589.9328002929682,842.9722290039065,29.781276702880533,-0.25824103402466825,0.9293160468262581,0.24318138373425643,0.10269405076331606
936,15.6,579.0866088867188,847.3255004882812,23.645614624023438,-0.27970614776939945,0.9198416697035119,0.24652166120779015,0.12199526274577197
937,15.616667,568.0605773925776,848.9818725585939,17.427879333495763,-0.2992135291126622,0.9088274362014312,0.25341224883330055,0.14242958732204744
938,15.633333,557.0345458984375,850.6382446289062,11.21014404296875,-0.31816344593951634,0.8968095205661646,0.2609143947483911,0.16256809066621594
939,15.65,546.4777832031244,849.9636840820312,4.992086827754643,-0.3355615143876373,0.8838819962361132,0.2706079280172049,0.1814454080040998
940,15.666667,535.9210205078125,849.2891235351562,-1.2259703874588013,-0.35246502472548685,0.8700409640193147,0.28075885407611906,0.19992897021559347
941,15.683333,526.4017944335932,846.9010925292968,-7.217511236667952,-0.3673234745348431,0.8566154264084582,0.29079537282490997,0.21615163066312387
942,15.7,516.882568359375,844.5130615234375,-13.209052085876465,-0.38174274005925085,0.8424667712870164,0.30115715782594193,0.23200557316471057
943,15.716667,508.77822875976517,841.2008361816405,-18.64549112319975,-0.3928714009429626,0.8303800941566053,0.3095293386113125,0.24558613578218244
944,15.733333,500.67388916015625,837.8886108398438,-24.08193016052246,-0.4036538543289571,0.8178234244039957,0.31811006433455435,0.25891002172678584
945,15.75,494.1095428466797,834.4303588867188,-28.663214683532715,-0.40997768199208634,0.8089456337328872,0.3238134643796753,0.2695739271875636
946,15.766667,487.5451965332031,830.9721069335938,-33.24449920654297,-0.41611438397624456,0.7998426962288301,0.32960096112047266,0.2801137039952287
947,15.783333,482.4438323974612,827.9039611816407,-36.781616210937315,-0.41797294663105755,0.7952584617433691,0.3322635071338077,0.28716468574193404
948,15.8,477.34246826171875,824.8358154296875,-40.31873321533203,-0.4197792783205055,0.7906089901497376,0.3349306383336468,0.2941840405129813
949,15.816667,473.4985961914065,822.3437805175782,-42.76853752136218,-0.41922637395079143,0.7900054520728947,0.33443128432355007,0.29714701604571614
950,15.833333,469.65472412109375,819.8517456054688,-45.21834182739258,-0.41866374744239354,0.7893964109318529,0.3339305293360345,0.30010727175921087
951,15.85,466.81510925292986,817.846649169922,-46.68083953857414,-0.4183266000437157,0.7911932371236493,0.3307235640106009,0.29939612795390647
952,15.866667,463.9754943847656,815.841552734375,-48.14333724975586,-0.4180001590146924,0.7929723342198074,0.32750171696082736,0.29868607201105307
953,15.883333,461.94329833984386,814.1451416015626,-48.80199432373043,-0.4196914668757008,0.7949412441212914,0.3230112086089505,0.2959581898505275
954,15.9,459.9111022949219,812.44873046875,-49.46065139770508,-0.421429719129805,0.7968544010252373,0.3184633474949781,0.29325952960334767
955,15.916667,458.56782531738287,811.006561279297,-49.532064437866204,-0.4253534731907765,0.797203161533384,0.3146541011901936,0.29074789541785523
956,15.933333,457.22454833984375,809.5643920898438,-49.603477478027344,-0.42931860123456655,0.7974845591252474,0.3107916378837471,0.2882923419245524
957,15.95,456.3917541503907,808.6164245605469,-49.373929977417006,-0.4338098546650235,0.7961554182217623,0.3089818945912064,0.2871859133844669
958,15.966667,455.5589599609375,807.66845703125,-49.14438247680664,-0.43830243341260544,0.7947833007359981,0.3071623717678133,0.28611494037493396
959,15.983333,454.81906127929693,807.8190612792969,-48.92936515808107,-0.4402496197828991,0.793809599095511,0.3070513795221243,0.285947622823477
960,16.0,454.07916259765625,807.9696655273438,-48.71434783935547,-0.4421936957405559,0.7928301504609255,0.3069417308018263,0.28578289287463343
961,16.016667,452.7768554687501,810.063293457031,-48.57236289978029,-0.43849619017546443,0.7951174848535625,0.3064824348411061,0.28561826554969294
962,16.033333,451.47454833984375,812.1569213867188,-48.43037796020508,-0.43478117610679007,0.7973855314002856,0.3060339633284119,0.28545552456763706
963,16.05,448.93482971191406,816.9178771972656,-47.91007995605469,-0.4240668537119634,0.804785516251273,0.30218586836963185,0.28490573418711646
964,16.066667,446.3951110839844,821.6788330078125,-47.3897819519043,-0.4132035899156625,0.8120261431157177,0.29841428044835117,0.28429782517971136
965,16.083333,442.16426086425827,829.3062133789055,-45.70302963256854,-0.39615315362455084,0.8243515474609401,0.28872824664605956,0.28309575175330504
966,16.1,437.93341064453125,836.93359375,-44.01627731323242,-0.3787714142055936,0.8362395168348772,0.27917512514495757,0.2815971160448259
967,16.116667,431.8910369873047,846.9220275878906,-40.52170372009277,-0.35685775853874513,0.8518133882486316,0.2632154120389262,0.27889807929827487
968,16.133333,425.8486633300781,856.9104614257812,-37.027130126953125,-0.33452612992568836,0.8665794739850637,0.24740084926310082,0.27554510238544977
969,16.15,418.207809448243,868.1925354003894,-31.491432189941996,-0.3089393930255681,0.8830679077441332,0.22671454585971604,0.27082842621300923
970,16.166667,410.56695556640625,879.474609375,-25.955734252929688,-0.2829771355714452,0.8983920087081422,0.2062027357691124,0.2651342512661522
971,16.183333,401.7991638183594,890.7412719726562,-18.394214153289795,-0.25486107702170147,0.9131198951592339,0.18313599257211086,0.26022893134383757
972,16.2,393.0313720703125,902.0079345703125,-10.832694053649902,-0.22648631002506994,0.926509442186215,0.16025663874819301,0.2541692637754372
973,16.216667,383.71838378906347,911.982421874999,-1.3526458740244482,-0.19761685770457418,0.9370029760713627,0.13697884809022776,0.25339651844540784
974,16.233333,374.4053955078125,921.9569091796875,8.127402305603027,-0.16856633471784702,0.9462587213947841,0.1137368074872553,0.2514831239004044
975,16.25,365.11119079589844,929.5776977539062,19.172011852264404,-0.14144318540989634,0.9512844668027681,0.09183044464356993,0.2581062919756884
976,16.266667,355.8169860839844,937.198486328125,30.21662139892578,-0.11409246959505064,0.9552841989968816,0.06967036885697324,0.26374428379004183
977,16.283333,347.07115173339747,941.7820434570317,42.034109115601844,-0.09139647018430902,0.955470232649501,0.05029174026354624,0.27603271657508466
978,16.3,338.3253173828125,946.3656005859375,53.85159683227539,-0.06841421424651979,0.9548243579226829,0.030539904098927415,0.28757130431285366
979,16.316667,330.6099548339844,947.7341613769531,65.35714912414551,-0.05198632137093459,0.952267465276738,0.015365149831247465,0.3004130641906204
980,16.333333,322.89459228515625,949.1027221679688,76.86270141601562,-0.03532965315886861,0.9491600736357618,-5.07167840328647e-05,0.3128049994025623
981,16.35,316.51243591308526,947.5817871093749,87.11232376098742,-0.02496602062127028,0.945974514214813,-0.008904985278079624,0.32315571712037494
982,16.366667,310.1302795410156,946.0608520507812,97.36194610595703,-0.014511632434161809,0.9425313141362366,-0.017879036457707474,0.333323378196098
983,16.383333,305.09690856933594,942.2894897460938,105.92074966430664,-0.00806866514519909,0.9395568974898882,-0.020103293042160738,0.3417068782316376
984,16.4,300.06353759765625,938.5181274414062,114.47955322265625,-0.0016580360126127053,0.9364620279008766,-0.022431405937065323,0.35004707289741094
985,16.416667,296.1994934082027,933.2076110839838,121.45270538330153,0.0030019463023579834,0.9334974471120311,-0.02075434129914561,0.3579703365796627
986,16.433333,292.33544921875,927.8970947265625,128.4258575439453,0.007560021801053813,0.9304265252337178,-0.019199593278584143,0.36589712055414486
987,16.45,289.4409942626953,921.7101135253906,134.17919158935547,0.010961917809713758,0.927138702521343,-0.017131090438066286,0.37416599041785803
988,16.466667,286.5465393066406,915.5231323242188,139.93252563476562,0.014257550397950814,0.9237497679198354,-0.015175936245170623,0.38243009751297347
989,16.483333,284.47482299804665,909.0135498046868,144.80020904541067,0.015795992500223403,0.9202573927227773,-0.01407548794677169,0.3907412166627283
990,16.5,282.4031066894531,902.5039672851562,149.6678924560547,0.01727585408279857,0.916683855776715,-0.013033587337700554,0.3990267898589709
991,16.516667,281.03353881835955,896.0286560058601,153.86131286621048,0.01657166837742126,0.9136510746186056,-0.011962621245302523,0.40598520828768764
992,16.533333,279.6639709472656,889.5533447265625,158.0547332763672,0.015852227387435667,0.9105645106915711,-0.01089434542567332,0.41291923180402124
993,16.55,278.84608459472656,883.2568054199219,161.67178344726562,0.013340983483522664,0.9087293347592387,-0.008496094725744373,0.4170861190235598
994,16.566667,278.0281982421875,876.9602661132812,165.28883361816406,0.010821638798976694,0.9068663724060634,-0.0060885428179595896,0.4212353313518768
995,16.583333,277.55302429199224,870.9069519042976,168.30302429199187,0.007614912984590375,0.9064094608496923,-0.001986023518458638,0.4223268379975293
996,16.6,277.0778503417969,864.8536376953125,171.3172149658203,0.004402038353128618,0.9059303884293997,0.0021168260821578188,0.42339847947983045
997,16.616667,276.72596740722656,859.2185668945312,173.6221466064453,0.001862157586829346,0.9063914348565507,0.007124789737990138,0.4223746400519265
998,16.633333,276.37408447265625,853.58349609375,175.9270782470703,-0.0006668979022614284,0.9068235395821924,0.012137095344180612,0.4213351566430439
999,16.65,276.0079650878907,848.772064208985,177.49629211425764,-0.0015591525972480271,0.907471347870385,0.016369664902548306,0.4197920388817103
1000,16.666667,275.641845703125,843.9606323242188,179.0655059814453,-0.0024330115844461565,0.9080950611679106,0.020613829185940194,0.41824933996764596
1001,16.683333,275.26097106933594,840.4844970703125,180.10159301757812,-0.0016146730508744842,0.9083699453840381,0.022158037287106573,0.41757688697714296
1002,16.7,274.8800964355469,837.0083618164062,181.13768005371094,-0.000791429249144613,0.9086383657663962,0.023706703340139777,0.41690968580000504
1003,16.716667,274.590316772461,835.0684509277346,182.01307678222648,0.0009435050581466922,0.9085484337389197,0.021882708166446333,0.41720498610642615
1004,16.733333,274.300537109375,833.1285400390625,182.8884735107422,0.0026789583332811075,0.9084536376383503,0.020058303807528537,0.41749548008602694
1005,16.75,274.20542907714844,832.3758850097656,183.8623275756836,0.004494780685380778,0.9085076069417224,0.016434241115997596,0.4175208267794032
1006,16.766667,274.1103210449219,831.6232299804688,184.836181640625,0.006310830720530307,0.9085470862323948,0.012810047808897437,0.41753834337624146
1007,16.783333,274.2194366455078,831.4792785644531,185.84989166259777,0.008071004670856115,0.9090484173614207,0.009793714697198528,0.4164971991847354
1008,16.8,274.32855224609375,831.3353271484375,186.8636016845703,0.009825131760873934,0.9095383859543438,0.0067753110539505315,0.41544853642968954
1009,16.816667,274.5729217529297,831.4052734375,187.67877197265625,0.011915823350758154,0.9101059522183041,0.005448054088041184,0.41416842902053885
1010,16.833333,274.8172912597656,831.4752197265625,188.4939422607422,0.014007283671579678,0.9106667059421982,0.004125245102312618,0.41288367495624684
1011,16.85,275.1163787841797,831.5936279296875,188.97158050537115,0.016606874865307982,0.910724446519736,0.004153005078978423,0.41265960156931064
1012,16.866667,275.41546630859375,831.7120361328125,189.44921875,0.01920788760366753,0.9107726732580866,0.004182797268174795,0.41243993369597065
1013,16.883333,275.6973114013672,831.8141174316406,189.6357650756836,0.021789153783995922,0.9102557765609093,0.004851367777179171,0.4134442141880375
1014,16.9,275.9791564941406,831.9161987304688,189.8223114013672,0.024361490221363344,0.9097259803584008,0.005509592937177488,0.41445723885680613
1015,16.916667,276.1519775390625,831.9714965820312,189.83165740966797,0.025834379363532174,0.9090944007754976,0.006193271101954472,0.41574222628282237
1016,16.933333,276.3247985839844,832.0267944335938,189.84100341796875,0.027299130253442813,0.9084562850956769,0.006868072142727158,0.4170308923120804
1017,16.95,276.25868225097656,832.0371398925781,189.72921752929688,0.02657120622183628,0.9082119140202899,0.0071548335396149736,0.41760495517718466
1018,16.966667,276.19256591796875,832.0474853515625,189.617431640625,0.02584367251763044,0.9079665895401597,0.0074424877496684525,0.4181786535031513
1019,16.983333,275.75834655761713,832.0515441894531,189.37361145019528,0.02235751443016518,0.9082375334442025,0.0072027443655236275,0.4177952188157505
1020,17.0,275.3241271972656,832.0556030273438,189.12979125976562,0.01886764964312592,0.9084902322728555,0.006958634835001324,0.41742195325951736
1021,17.016667,274.4907379150392,832.1028442382812,188.74504852294928,0.013020296860574133,0.9089544925908054,0.006311466683104151,0.416644173914579
1022,17.033333,273.6573486328125,832.1500854492188,188.3603057861328,0.0071600267021263205,0.9093650723668946,0.0056487404986866815,0.4158990152760114
1023,17.05,272.58033752441406,832.266357421875,187.87728881835938,0.0003759467539894744,0.9095243358371221,0.004914268906767045,0.41562145173846854
1024,17.066667,271.5033264160156,832.3826293945312,187.39427185058594,-0.006412747056857119,0.9096124380387909,0.004174071320356348,0.41538736905318163
1025,17.083333,270.477020263672,832.55615234375,186.90321350097662,-0.012364459465139359,0.909242082805106,0.0037287027431174395,0.41606736446664655
1026,17.1,269.4507141113281,832.7296752929688,186.4121551513672,-0.01830409662736223,0.9088184698133381,0.003298151611987579,0.41677700412659896
1027,17.116667,268.7185821533203,832.9154357910156,186.01355743408203,-0.02234808450086792,0.9081585130170562,0.003273940896938624,0.41801669783011625
1028,17.133333,267.9864501953125,833.1011962890625,185.61495971679688,-0.026378437831340716,0.9074741129667822,0.0032670150924258567,0.4192663102672526
1029,17.15,267.61267089843756,833.248291015625,185.37312316894534,-0.028501617928304124,0.9069632036785953,0.003443359445033876,0.42023035138392884
1030,17.166667,267.2388916015625,833.3953857421875,185.13128662109375,-0.03061969212455755,0.9064454599788575,0.003626423388238954,0.421195811459853
1031,17.183333,267.1539611816406,833.4767456054688,185.0528106689453,-0.0313165342157534,0.9063279586745232,0.0037127330718878687,0.42139663219195544
1032,17.2,267.06903076171875,833.55810546875,184.97433471679688,-0.03201304117293019,0.9062098014963292,0.0037994860448729356,0.42159758629840227
1033,17.216667,267.1897430419922,833.5691833496094,185.03475952148438,-0.031562699060794355,0.9064074717910537,0.0037152287753795294,0.4212071796449991
1034,17.233333,267.3104553222656,833.5802612304688,185.09518432617188,-0.031111956888276497,0.9066047325246795,0.0036315245452558926,0.4208167262977001
1035,17.25,267.62001037597656,833.5208129882812,185.28079986572266,-0.02938430803954229,0.9068956237938374,0.003485481998796564,0.42031505017053583
1036,17.266667,267.9295654296875,833.4613647460938,185.46641540527344,-0.027654493418992333,0.9071823603513576,0.0033422582669402007,0.4198145106719821
1037,17.283333,268.4726867675782,833.3276062011719,185.77677917480472,-0.02445242933781364,0.9074238878987642,0.0033143056896936416,0.4194913369164682
1038,17.3,269.01580810546875,833.19384765625,186.08714294433594,-0.021247476237952288,0.9076510509475948,0.0032898200705359227,0.41917453590497106
1039,17.316667,269.8153839111328,832.9923400878906,186.50001525878906,-0.0167084171106942,0.9078524559619133,0.0035370038978632347,0.41894180574992
1040,17.333333,270.6149597167969,832.7908325195312,186.9128875732422,-0.012166191344724306,0.9080234177372578,0.0037878127717398346,0.4187255773216145
1041,17.35,271.5762634277345,832.5670776367188,187.3670272827149,-0.00687490834090264,0.9082469876351177,0.004310609906974035,0.41835578605926865
1042,17.366667,272.5375671386719,832.3433227539062,187.8211669921875,-0.0015777919167035666,0.9084272665489375,0.0048404960908883035,0.4180119394953779
1043,17.383333,273.4536590576172,832.173828125,188.24076080322266,0.003593247110540649,0.9086501878117182,0.005430299133147395,0.4175074090555232
1044,17.4,274.3697509765625,832.0043334960938,188.6603546142578,0.008772018959377865,0.9088309800018325,0.006029857590026275,0.4170287067933444
1045,17.416667,275.05049133300787,831.9327697753906,188.98645782470706,0.012987575913995573,0.9089812696400035,0.0064291234478279224,0.41658497414959433
1046,17.433333,275.7312316894531,831.8612060546875,189.31256103515625,0.01720847482695659,0.9091040911306775,0.006835401756391947,0.4161572985860318
1047,17.45,276.11036682128906,831.862548828125,189.51620483398438,0.019968168264506363,0.9091898693573691,0.006944078406555366,0.4158447228102983
1048,17.466667,276.489501953125,831.8638916015625,189.7198486328125,0.02273011713640306,0.9092644888983826,0.0070558796219737695,0.41553777874711756
1049,17.483333,276.6002197265625,831.8837585449219,189.7999267578125,0.023905895924584794,0.9093472860071694,0.006960146401347531,0.4152921597303638
1050,17.5,276.7109375,831.9036254882812,189.8800048828125,0.025082293374315747,0.909428210972522,0.006865331979548572,0.4150470754784494
1051,17.516667,276.5977478027344,831.9073181152344,189.84622192382812,0.024696623463963882,0.9094969377649286,0.006720592623538468,0.4149219572648395
1052,17.533333,276.48455810546875,831.9110107421875,189.81243896484375,0.024310770881624866,0.9095653449281101,0.00657564980711256,0.4147970956438381
1053,17.55,276.1561584472656,831.8933715820312,189.66707611083984,0.02232061339116515,0.9095407807391,0.0064670577640343245,0.41496449914929723
1054,17.566667,275.8277587890625,831.875732421875,189.52171325683594,0.020331349694575142,0.9095103792609838,0.0063597306476337705,0.415134990168533
1055,17.583333,275.27612304687506,831.8551025390625,189.26206207275393,0.016723675089244966,0.909392851955617,0.006226018205408064,0.41555528657549856
1056,17.6,274.7244873046875,831.83447265625,189.00241088867188,0.013120034226832212,0.909256360664944,0.0060978344306260885,0.4159850378408879
1057,17.616667,273.97935485839844,831.8465881347656,188.64100646972656,0.008263008381514647,0.9091797294200046,0.005803447854848169,0.4162814700383025
1058,17.633333,273.2342224121094,831.8587036132812,188.27960205078125,0.0034101923356196088,0.9090682196092873,0.0055147010811875796,0.4165968443910969
1059,17.65,272.40188598632824,831.93798828125,187.86296081542974,-0.0018347071241654755,0.9091334054072898,0.005020220691226068,0.41647074615934837
1060,17.666667,271.5695495605469,832.0172729492188,187.44631958007812,-0.00708102499177191,0.9091566214812516,0.004523912254271044,0.41636958452770967
1061,17.683333,270.80458068847656,832.1705627441406,187.04776000976562,-0.011719388356985692,0.9092825538441199,0.003969477967334222,0.4159953562912934
1062,17.7,270.03961181640625,832.3238525390625,186.64920043945312,-0.0163624413836303,0.9093746471907708,0.003408929949330397,0.41564215468985927
1063,17.716667,269.4662475585938,832.5139770507812,186.33361816406253,-0.01970298786628563,0.909403448257581,0.003009438454107618,0.4154372441735974
1064,17.733333,268.89288330078125,832.7041015625,186.01803588867188,-0.023045324454551,0.9094147487084615,0.0026074702777404276,0.41524321662257263
1065,17.75,268.5606384277344,832.8651733398438,185.8190689086914,-0.024840275669471185,0.9092883643755598,0.0024768963896708187,0.4154172554193658
1066,17.766667,268.2283935546875,833.0262451171875,185.62010192871094,-0.026634286381993416,0.9091571604241816,0.002347422276096492,0.4155939870198057
1067,17.783333,268.1383819580078,833.1072998046875,185.55349731445312,-0.026952522477515985,0.9089250557157087,0.0024462175868254312,0.4160803055226391
1068,17.8,268.0483703613281,833.1883544921875,185.4868927001953,-0.027270463843415835,0.9086925794412385,0.0025454597527167673,0.41656648749610237
1069,17.816667,268.20257568359375,833.1791381835938,185.57254028320312,-0.02625573181215802,0.9084669223004886,0.0027366291217074397,0.4171222824231961
1070,17.833333,268.3567810058594,833.169921875,185.65818786621094,-0.025242709129916278,0.9082391713811498,0.002925675837543656,0.4176791275914541
1071,17.85,268.76765441894537,833.0837707519531,185.91166687011722,-0.02290884860881459,0.9081815210752493,0.0030650468572057435,0.41793793189973555
1072,17.866667,269.17852783203125,832.9976196289062,186.16514587402344,-0.020576555429922764,0.908115733478693,0.0032022587226580193,0.41820110654345183
1073,17.883333,269.8316345214844,832.8533325195312,186.55889892578125,-0.01686838419557993,0.908300494994188,0.003285329968193312,0.4179651600491883
1074,17.9,270.4847412109375,832.7090454101562,186.95265197753906,-0.013157700604361946,0.9084655779696956,0.0033713698581313766,0.4177389165786118
1075,17.916667,271.3020324707032,832.546142578125,187.4013366699219,-0.008384262881001818,0.9087136765036835,0.0036008946163860016,0.4173202509213554
1076,17.933333,272.11932373046875,832.3832397460938,187.8500213623047,-0.0036052100782014563,0.9089282778984343,0.00383739513039732,0.4169192517688428
1077,17.95,272.96197509765625,832.2644653320312,188.25359344482422,0.0012945003006947465,0.9089592013186714,0.004405555174590107,0.41685979140557355
1078,17.966667,273.80462646484375,832.1456909179688,188.65716552734375,0.006195096132405977,0.9089526516754911,0.004974866569762827,0.41682364196218097
1079,17.983333,274.5156402587891,832.1094665527344,188.95389556884768,0.01010723731426863,0.9087255024785352,0.005776158374777314,0.4172318790474142
1080,18.0,275.2266540527344,832.0732421875,189.25062561035156,0.0140142141446765,0.9084720233418434,0.006571430542134583,0.4176589528643126
1081,18.016667,275.6908874511718,832.0976867675781,189.42575836181638,0.01630466429048302,0.9082063892204215,0.0072723120654273965,0.4181416338739807
1082,18.033333,276.1551208496094,832.1221313476562,189.60089111328125,0.01859116003865431,0.9079305053027281,0.00796871096643086,0.41863237566471556
1083,18.05,276.3285217285156,832.1533813476562,189.66031646728516,0.01919485323317958,0.9078157000834842,0.008329481951181735,0.41884702699400295
1084,18.066667,276.5019226074219,832.1846313476562,189.71974182128906,0.01979795740811106,0.9076998836757112,0.00868962759989649,0.41906258772376975
1085,18.083333,276.38865661621094,832.1862182617188,189.6672821044922,0.018834010618996224,0.9077411960769379,0.008689589629680982,0.4190175318777027
1086,18.1,276.275390625,832.1878051757812,189.6148223876953,0.017869954411569865,0.9077812069053391,0.00868943094524599,0.4189730765916376
1087,18.116667,275.8948669433594,832.1633911132812,189.44981384277344,0.01534553388965247,0.9079049131385513,0.008406594059502231,0.41881083136046043
1088,18.133333,275.51434326171875,832.1389770507812,189.28480529785156,0.012819985331097619,0.9080186521769393,0.008122472782040943,0.4186547512100991
1089,18.15,274.8973541259766,832.1235656738281,189.01094818115237,0.008830374075917441,0.9081945111389051,0.007625744248812064,0.41838571014734255
1090,18.166667,274.2803649902344,832.108154296875,188.73709106445312,0.0048378209300880635,0.9083451581269941,0.0071255505204691335,0.41813262934824225
1091,18.183333,273.49261474609375,832.1415100097656,188.37503051757812,5.298752209191777e-05,0.9085835842743342,0.006471001308519651,0.4176529584734099
1092,18.2,272.7048645019531,832.1748657226562,188.01296997070312,-0.0047383454731564885,0.9087851710040523,0.005808469697456426,0.41719698312078707
1093,18.216667,271.8726501464845,832.2711791992188,187.61338043212896,-0.009129016735978001,0.9090474850455995,0.005094176949001563,0.41656137644639707
1094,18.233333,271.0404357910156,832.3674926757812,187.2137908935547,-0.013527939072948615,0.9092777176735738,0.00436963386713719,0.4159470318521847
1095,18.25,270.33782958984375,832.5032653808594,186.85623168945312,-0.016575817880448748,0.9094298611630278,0.0037785939879687344,0.4155096775215521
1096,18.266667,269.6352233886719,832.6390380859375,186.49867248535156,-0.019627767107320677,0.9095660567807458,0.0031824804025226473,0.41508337828584935
1097,18.283333,269.2185974121093,832.7633361816406,186.26615905761716,-0.021128475061051217,0.9095101560496117,0.002880348397144968,0.415134396523965
1098,18.3,268.8019714355469,832.8876342773438,186.0336456298828,-0.022628907238083605,0.9094504258815115,0.0025785019734097707,0.41518815824722266
1099,18.316667,268.7422332763672,832.9478759765625,185.97994232177734,-0.02297387455502729,0.9092683736328099,0.0025459568910789284,0.4155679774749052
1100,18.333333,268.6824951171875,833.0081176757812,185.92623901367188,-0.023318436413007303,0.9090859866939994,0.002513906366910902,0.41594783278029984
1101,18.35,268.92907714843756,832.9845275878906,186.04470825195312,-0.023178632608032615,0.9089456721106643,0.0025746566643228977,0.4162618013759796
1102,18.366667,269.1756591796875,832.9609375,186.16317749023438,-0.023038983613073532,0.9088052042119681,0.0026352275310233446,0.4165757573445428
1103,18.383333,269.5159454345703,832.8951721191406,186.34539794921875,-0.022755120684620933,0.9087510130095438,0.002685358430756013,0.4167092387826972
1104,18.4,269.8562316894531,832.8294067382812,186.52761840820312,-0.022471372257932613,0.9086966670560451,0.002735346918728948,0.4168428032092132
1105,18.416667,269.9202117919922,832.8212280273438,186.55811309814453,-0.02044595328561823,0.9085469204893276,0.0029816767582728607,0.41727157327969355
1106,18.433333,269.98419058877977,832.8130494833232,186.5886071657286,-0.01842306876179817,0.9083905164009671,0.003224797860281495,0.4177042744920652
