frame,time,tx_mm,ty_mm,tz_mm,qx,qy,qz,qw
0,0.0,350.7217712402344,213.7141876220703,1870.6065673828125,-0.004278073939451807,-0.7950735054649498,-0.0005044512259907706,0.6064977860800528
1,0.016667,350.72572326660156,213.70375061035156,1870.6234130859375,-0.004328223010829134,-0.795088747932591,-0.0005022328000394754,0.6064774498353321
2,0.033333,350.72967529296875,213.6933135986328,1870.6402587890625,-0.0043783817892291904,-0.7951039817665725,-0.0005000043208157304,0.6064571196280318
3,0.05,350.72755432128906,213.68185424804688,1870.6632080078125,-0.0044237484736680795,-0.7951146872449473,-0.0004914130892461493,0.6064427615941895
4,0.066667,350.7254333496094,213.67039489746094,1870.6861572265625,-0.004469122314165604,-0.7951253842465908,-0.0004828145115091171,0.6064284105833102
5,0.083333,350.71380615234375,213.65960693359375,1870.710693359375,-0.004521676833575312,-0.7951220909919239,-0.0004697142339559981,0.6064323492556956
6,0.1,350.7021789550781,213.64881896972656,1870.7352294921875,-0.004574229094189802,-0.7951187857466688,-0.00045661625536945884,0.6064362987837486
7,0.116667,350.68377685546875,213.63843536376953,1870.7572021484375,-0.004626747916856489,-0.7951013169006523,-0.00044173636540180563,0.6064588147067745
8,0.133333,350.6653747558594,213.6280517578125,1870.7791748046875,-0.004679252678911876,-0.7950838349163235,-0.0004268708067634833,0.606481341700166
9,0.15,350.6484680175781,213.61934661865234,1870.7930908203125,-0.0047161822459414835,-0.7950645145988752,-0.0004149760312766085,0.6065063915949868
10,0.166667,350.6315612792969,213.6106414794922,1870.8070068359375,-0.004753100341458535,-0.7950451869851036,-0.00040309292852787413,0.6065314470042394
11,0.183333,350.6224670410156,213.6057586669922,1870.8112792968752,-0.00476718004604672,-0.7950347022301611,-0.0003973154585868274,0.606545083554911
12,0.2,350.6133728027344,213.6008758544922,1870.8155517578125,-0.004781257182507544,-0.7950242161792603,-0.00039154059276658143,0.6065587209531089
13,0.216667,350.61175537109375,213.59982299804688,1870.8145141601562,-0.0047808556687174795,-0.7950232459288432,-0.00039091018046610176,0.6065599962419809
14,0.233333,350.6101379394531,213.59877014160156,1870.8134765625,-0.004780454151347973,-0.7950222756758845,-0.0003902797712850103,0.6065612715290557
15,0.25,350.6119384765625,213.59983825683594,1870.8115844726562,-0.004775435985049851,-0.7950255918899446,-0.0003920084893478728,0.6065569633435433
16,0.266667,350.6137390136719,213.6009063720703,1870.8096923828125,-0.004770417543940818,-0.7950289079568961,-0.00039373748675453074,0.6065526552576566
17,0.283333,350.61480712890625,213.60255432128906,1870.808837890625,-0.004766231497058677,-0.7950322204880386,-0.0003962663931769868,0.6065483446487353
18,0.3,350.6158752441406,213.6042022705078,1870.8079833984375,-0.004762045175552498,-0.7950355328761025,-0.00039879557643911066,0.6065440341411711
19,0.316667,350.61474609375,213.60594177246094,1870.8082885742188,-0.004761036147753499,-0.7950368676272925,-0.0004017365113931087,0.606542290574992
20,0.333333,350.6136169433594,213.60768127441406,1870.80859375,-0.004760027054729999,-0.7950382023321674,-0.0004046775104301184,0.6065405470461033
21,0.35,350.6131286621094,213.60973358154297,1870.80712890625,-0.0047574566602146305,-0.7950371506541775,-0.00040722730614020013,0.6065419440168456
22,0.366667,350.6126403808594,213.61178588867188,1870.8056640625,-0.004754886332991624,-0.7950360989039919,-0.0004097770345298245,0.6065433410550843
23,0.383333,350.6173553466797,213.61473083496094,1870.7982788085938,-0.004736958227711889,-0.7950313992878427,-0.00041076084757584656,0.6065496407126871
24,0.4,350.6220703125,213.61767578125,1870.7908935546875,-0.004719031212689517,-0.7950266985678852,-0.0004117435320784863,0.6065559411760192
25,0.416667,350.6319580078125,213.62200927734375,1870.7787475585938,-0.004676736612740416,-0.7950191326548592,-0.00041126262651299005,0.6065661857624626
26,0.433333,350.641845703125,213.6263427734375,1870.7666015625,-0.0046344459477338056,-0.7950115613092963,-0.0004107776263443119,0.6065764342249493
27,0.45,350.65013122558594,213.6296157836914,1870.758056640625,-0.004588805345713262,-0.7950054029253647,-0.00041047540974699284,0.6065848528399927
28,0.466667,350.6584167480469,213.6328887939453,1870.74951171875,-0.0045431682727091445,-0.7949992382366123,-0.0004101695207427276,0.6065932760806174
29,0.483333,350.658935546875,213.6306915283203,1870.751708984375,-0.004533139031330878,-0.7949996796438299,-0.0004113530307493092,0.6065927718044574
30,0.5,350.6594543457031,213.6284942626953,1870.75390625,-0.004523109741428173,-0.7950001206892783,-0.0004125365902699129,0.6065922678338898
31,0.516667,350.6541290283203,213.62124633789062,1870.7642211914062,-0.004553723633451577,-0.7950065427895368,-0.0004152321866078707,0.6065836200435433
32,0.533333,350.6488037109375,213.61399841308594,1870.7745361328125,-0.004584339722934989,-0.7950129623262033,-0.00041792548183603985,0.6065749738498213
33,0.55,350.64378356933594,213.60751342773438,1870.7835083007812,-0.004621732855661842,-0.7950204498173191,-0.0004213544853440958,0.6065648740391056
34,0.566667,350.6387634277344,213.6010284423828,1870.79248046875,-0.004659129111475963,-0.7950279335171748,-0.00042478021693600424,0.6065547765907878
35,0.583333,350.6370849609375,213.5989990234375,1870.79541015625,-0.004678540195022146,-0.7950333069094447,-0.0004282295960741866,0.6065475816336994
36,0.6,350.6354064941406,213.5969696044922,1870.79833984375,-0.004697952308740269,-0.7950386793719664,-0.00043167788651989167,0.606540387114318
37,0.616667,350.6361999511719,213.59793853759766,1870.7974853515625,-0.004702576363809086,-0.7950420637569356,-0.0004350459381468171,0.6065359126776311
38,0.633333,350.6369934082031,213.59890747070312,1870.796630859375,-0.0047072004575878035,-0.7950454480898547,-0.0004384139386304671,0.6065314382030602
39,0.65,350.6387176513672,213.59982299804688,1870.794921875,-0.004708840843749915,-0.7950475589064429,-0.0004417854101972487,0.6065286561412129
40,0.666667,350.64044189453125,213.60073852539062,1870.793212890625,-0.004710481179910316,-0.7950496696966245,-0.0004451569269669407,0.606525874071051
41,0.683333,350.6423645019531,213.6003189086914,1870.7902221679688,-0.004715069648328745,-0.7950506416027358,-0.00044752732911591955,0.6065245626720975
42,0.7,350.644287109375,213.5998992919922,1870.7872314453125,-0.004719658141617803,-0.7950516134763281,-0.00044989770313534627,0.6065232512672293
43,0.716667,350.6459197998047,213.5988540649414,1870.7813720703125,-0.004725066190706164,-0.795051543940344,-0.000450079106118223,0.6065233001759843
44,0.733333,350.6475524902344,213.59780883789062,1870.7755126953125,-0.004730474238110519,-0.7950514743207643,-0.0004502605107027983,0.6065233491460442
45,0.75,350.64820861816406,213.5971450805664,1870.7684936523438,-0.004729645747812007,-0.7950518978941613,-0.00044905234077951064,0.6065228012680048
46,0.766667,350.64886474609375,213.5964813232422,1870.761474609375,-0.004728817259546749,-0.795052321465309,-0.0004478441691925496,0.6065222533885702
47,0.783333,350.6483612060547,213.59639739990234,1870.7586059570312,-0.004718945496213498,-0.7950540839972042,-0.0004474734139930533,0.6065200201479867
48,0.8,350.6478576660156,213.5963134765625,1870.7557373046875,-0.004709073538775973,-0.7950558462465052,-0.0004471028600151865,0.6065177871049556
49,0.816667,350.6466064453125,213.59649658203125,1870.7587890625,-0.004698123288347538,-0.7950586496846967,-0.0004485916987766978,0.606514196012428
50,0.833333,350.6453552246094,213.5966796875,1870.7618408203125,-0.004687172626185129,-0.7950614526655259,-0.00045008096004012737,0.6065106052867382
51,0.85,350.64385986328125,213.596435546875,1870.7673950195312,-0.004685013318189922,-0.7950641672023872,-0.0004522634752885541,0.606507061903431
52,0.866667,350.6423645019531,213.59619140625,1870.77294921875,-0.00468285386259415,-0.7950668816739547,-0.00045444613800731153,0.6065035185583534
53,0.883333,350.6411437988281,213.59512329101562,1870.7771606445312,-0.004688193539856916,-0.7950694332129693,-0.0004561538880711837,0.6065001311915531
54,0.9,350.6399230957031,213.59405517578125,1870.7813720703125,-0.004693533323756866,-0.7950719846846735,-0.0004578615231238458,0.6064967438307799
55,0.916667,350.64019775390625,213.59335327148438,1870.7823486328125,-0.004693924090032919,-0.795073360969824,-0.00045872602462431876,0.606494935941941
56,0.933333,350.6404724121094,213.5926513671875,1870.7833251953125,-0.004694314846715553,-0.7950747372497567,-0.0004595905349218734,0.6064931280500139
57,0.95,350.6442565917969,213.59441375732422,1870.7793579101562,-0.0046763256576744,-0.7950730008214479,-0.00045829927975113373,0.6064955443405099
58,0.966667,350.6480407714844,213.59617614746094,1870.775390625,-0.004658336841592145,-0.795071263513021,-0.00045700763383669255,0.6064979612312813
59,0.983333,350.65599060058594,213.6013641357422,1870.7662353515625,-0.004620721749496284,-0.7950662720219918,-0.0004521872268038234,0.6065047959829155
60,1.0,350.6639404296875,213.60655212402344,1870.757080078125,-0.0045831087053237385,-0.7950612769735298,-0.00044736466450148016,0.6065116328947634
61,1.016667,350.67237854003906,213.61455535888672,1870.7459716796875,-0.0045415470518268145,-0.7950547180504779,-0.00044090656068040946,0.6065205480916998
62,1.033333,350.6808166503906,213.62255859375,1870.73486328125,-0.0044999882421227965,-0.7950481549309879,-0.00043444545682680045,0.6065294656517504
63,1.05,350.6849365234375,213.63246154785156,1870.72412109375,-0.004467075951022065,-0.7950408145898747,-0.00043034969181563544,0.606539333570263
64,1.066667,350.6890563964844,213.64236450195312,1870.71337890625,-0.0044341662359990005,-0.7950334714297782,-0.0004262512198732552,0.6065492031039238
65,1.083333,350.6888732910156,213.6525115966797,1870.7022094726562,-0.004404448773141206,-0.7950247900389331,-0.000426308254394008,0.606560798532041
66,1.1,350.6886901855469,213.66265869140625,1870.6910400390625,-0.0043747344528824225,-0.7950161058064802,-0.00042636202405141755,0.6065723958623493
67,1.116667,350.6879425048828,213.66966247558594,1870.679443359375,-0.004343120267487443,-0.7950065982447901,-0.00042928753098557906,0.6065850820501643
68,1.133333,350.68719482421875,213.67666625976562,1870.6678466796875,-0.004311510093210561,-0.7949970870126918,-0.00043220889737507156,0.6065977709467121
69,1.15,350.6881408691406,213.6780776977539,1870.6583251953125,-0.004286298045392413,-0.7949907708542024,-0.00043544595305622895,0.606606225069055
70,1.166667,350.6890869140625,213.6794891357422,1870.6488037109375,-0.004261088213154065,-0.7949844522805483,-0.00043868072669905905,0.606614681093902
71,1.183333,350.69065856933594,213.6765365600586,1870.6454467773438,-0.004253804646781292,-0.7949848564516238,-0.00044047576559040304,0.6066142012347865
72,1.2,350.6922302246094,213.673583984375,1870.64208984375,-0.004246521042520211,-0.7949852603929801,-0.00044227084303367925,0.6066137215835484
73,1.216667,350.6911926269531,213.66867065429688,1870.649658203125,-0.004265282165004294,-0.794993273643719,-0.00044392847396245767,0.6066030869990736
74,1.233333,350.6901550292969,213.66375732421875,1870.6572265625,-0.004284044919013371,-0.7950012858236385,-0.00044558439708573334,0.606592452930663
75,1.25,350.68463134765625,213.65823364257812,1870.6774291992188,-0.004326001204217876,-0.7950129864830753,-0.0004505579363396016,0.6065768162684663
76,1.266667,350.6791076660156,213.6527099609375,1870.6976318359375,-0.00436796271238922,-0.7950246824082383,-0.00045552599234274007,0.606561182206291
77,1.283333,350.6717834472656,213.64828491210938,1870.7217407226562,-0.004411188051028,-0.7950328531452944,-0.00046383797252184375,0.6065501534860629
78,1.3,350.6644592285156,213.64385986328125,1870.745849609375,-0.004454416866712474,-0.7950410195404116,-0.00047214627096574024,0.6065391269295157
79,1.316667,350.6594696044922,213.64189910888672,1870.7611694335938,-0.004476077585872722,-0.7950417620093684,-0.0004790238461151227,0.6065379888569542
80,1.333333,350.65447998046875,213.6399383544922,1870.7764892578125,-0.0044977384571737705,-0.7950425036061574,-0.0004859012550433976,0.606536851072047
81,1.35,350.6523132324219,213.63982391357422,1870.780517578125,-0.004498481494194121,-0.7950389821822628,-0.0004883975595286854,0.606541459376572
82,1.366667,350.650146484375,213.63970947265625,1870.7845458984375,-0.0044992246018487145,-0.7950354607195694,-0.000490893798254881,0.6065460676648418
83,1.383333,350.6493835449219,213.64035034179688,1870.78369140625,-0.00449293766161707,-0.7950325886588567,-0.0004907386357694581,0.6065498789523887
84,1.4,350.64862060546875,213.6409912109375,1870.7828369140625,-0.004486650931324537,-0.7950297164648806,-0.0004905832546945594,0.6065536903104803
85,1.416667,350.6495819091797,213.64236450195312,1870.7816772460938,-0.00447977389991829,-0.7950289423026096,-0.000489340536186583,0.606554756862758
86,1.433333,350.6505432128906,213.64373779296875,1870.780517578125,-0.004472896923273421,-0.7950281680310534,-0.00048809775968643886,0.6065558234745405
87,1.45,350.65411376953125,213.64557647705078,1870.7789916992188,-0.004465486455553758,-0.795028075667672,-0.0004855760723638757,0.6065560011629195
88,1.466667,350.6576843261719,213.6474151611328,1870.7774658203125,-0.004458075995683497,-0.7950279832056382,-0.0004830543762313839,0.6065561788794686
89,1.483333,350.66180419921875,213.6479263305664,1870.7757568359375,-0.004456640883524079,-0.7950269307301662,-0.0004807871548080381,0.6065575707297031
90,1.5,350.6659240722656,213.6484375,1870.7740478515625,-0.004455205759060033,-0.7950258782455918,-0.0004785199439155302,0.60655896257506
91,1.516667,350.6657257080078,213.64554595947266,1870.7752075195312,-0.004473895395644113,-0.7950246249237858,-0.00047934763692726476,0.6065604671016943
92,1.533333,350.66552734375,213.6426544189453,1870.7763671875,-0.004492584792039439,-0.7950233706173817,-0.0004801755780657564,0.6065619723371042
93,1.55,350.6593780517578,213.6368637084961,1870.7820434570312,-0.0045307649378043,-0.795023835825626,-0.0004838285045985749,0.6065610756949086
94,1.566667,350.6532287597656,213.63107299804688,1870.7877197265625,-0.0045689453892311035,-0.7950242972449679,-0.00048748110413365033,0.6065601815898799
95,1.583333,350.6461639404297,213.62554931640625,1870.793701171875,-0.004603465595151862,-0.7950259917627763,-0.0004909855766426232,0.6065576967274358
96,1.6,350.63909912109375,213.62002563476562,1870.7996826171875,-0.00463798652178604,-0.7950276832030736,-0.0004944892892123491,0.6065552138941019
97,1.616667,350.63584899902344,213.61693572998047,1870.8020629882812,-0.00465390268227017,-0.7950297624147171,-0.0004968422605314778,0.6065523647735539
98,1.633333,350.6325988769531,213.6138458251953,1870.804443359375,-0.004669819195284423,-0.7950318410082359,-0.0004991948600470808,0.6065495160135157
99,1.65,350.6328430175781,213.61307525634766,1870.8038940429688,-0.004672586544252285,-0.7950339703695487,-0.0005018227979417499,0.606546701472605
100,1.666667,350.6330871582031,213.6123046875,1870.8033447265625,-0.004675353891348468,-0.7950360997105577,-0.0005044507324427726,0.6065438869137774
101,1.683333,350.63539123535156,213.61376190185547,1870.8005981445312,-0.004666954741002516,-0.7950353905737133,-0.000507799407558166,0.6065448783136416
102,1.7,350.6376953125,213.61521911621094,1870.7978515625,-0.004658555703301461,-0.7950346810601309,-0.0005111479680512206,0.6065458700693046
103,1.716667,350.6418762207031,213.62020111083984,1870.7901611328125,-0.004629714809678438,-0.7950235392500473,-0.0005134952002373385,0.6065606928426776
104,1.733333,350.64605712890625,213.62518310546875,1870.782470703125,-0.004600878116448253,-0.7950123943232992,-0.0005158380928015248,0.6065755177254969
105,1.75,350.6509552001953,213.63367462158203,1870.7681274414062,-0.004549150049491528,-0.7949860333327515,-0.0005150024860571002,0.6066104572228574
106,1.766667,350.6558532714844,213.6421661376953,1870.7537841796875,-0.004497437917939133,-0.7949596629161585,-0.0005141502973759175,0.6066454013984395
107,1.783333,350.6591491699219,213.65023040771484,1870.7360229492188,-0.004438495449856986,-0.7949251488622493,-0.0005085136726316864,0.6066910654347212
108,1.8,350.6624450683594,213.65829467773438,1870.71826171875,-0.004379574581446584,-0.7948906231134386,-0.0005028544143623647,0.6067367334769281
109,1.816667,350.6633605957031,213.66146850585938,1870.703125,-0.0043352474953394825,-0.7948636506686901,-0.0004924675233993288,0.606772395508015
110,1.833333,350.6642761230469,213.66464233398438,1870.68798828125,-0.004290930990968283,-0.7948366724782074,-0.00048206936963112487,0.6068080582887181
111,1.85,350.66468811035156,213.66360473632812,1870.6775512695312,-0.004268855053841473,-0.7948276265726731,-0.00047099021958040644,0.6068200714228176
112,1.866667,350.66510009765625,213.66256713867188,1870.6671142578125,-0.004246780236380359,-0.7948185797708047,-0.00045990981103463105,0.6068320843459998
113,1.883333,350.6675262451172,213.66146850585938,1870.6587524414062,-0.0042376004671398505,-0.7948267829154129,-0.00045426759414388855,0.606821408277237
114,1.9,350.6699523925781,213.66036987304688,1870.650390625,-0.004228420331091812,-0.7948349858056908,-0.00044862579601550825,0.606810732053798
115,1.916667,350.6751708984375,213.66123962402344,1870.6419067382812,-0.004219388933687995,-0.7948520359864928,-0.00045021820513455545,0.6067884598018666
116,1.933333,350.6803894042969,213.662109375,1870.6334228515625,-0.004210355182011625,-0.7948690852304093,-0.0004518130203292666,0.6067661873565536
117,1.95,350.6869659423828,213.66424560546875,1870.625732421875,-0.0041953021075480336,-0.7948848533321097,-0.0004562703532965454,0.6067456313817029
118,1.966667,350.69354248046875,213.6663818359375,1870.6180419921875,-0.004180245182872336,-0.7949006198608022,-0.00046073160597125617,0.606725075978825
119,1.983333,350.6995849609375,213.66929626464844,1870.6123046875,-0.004159441135645769,-0.7949084903264194,-0.0004625823088269559,0.606714905927009
120,2.0,350.70562744140625,213.67221069335938,1870.6065673828125,-0.004138634942010435,-0.7949163591751518,-0.00046443522038063146,0.6067047370150194
121,2.016667,350.7086944580078,213.6753921508789,1870.6039428710938,-0.004121537187400289,-0.7949177229760961,-0.00046164324547685057,0.6067030686548612
122,2.033333,350.7117614746094,213.67857360839844,1870.601318359375,-0.004104439216918655,-0.7949190860891667,-0.00045885149599694455,0.6067014006949246
123,2.05,350.70909118652344,213.67979431152347,1870.6053466796875,-0.004110375485915946,-0.7949208932166718,-0.0004533146310960806,0.6066989969060593
124,2.066667,350.7064208984375,213.68101501464844,1870.609375,-0.004116312016130334,-0.794922699986499,-0.0004477775045911482,0.6066965934607402
125,2.083333,350.69886779785156,213.67862701416016,1870.621337890625,-0.004152563986442976,-0.7949288289965976,-0.00044265037959533455,0.606688319570336
126,2.1,350.6913146972656,213.67623901367188,1870.63330078125,-0.004188819140473644,-0.7949349530190348,-0.00043751997730783425,0.6066800498113507
127,2.116667,350.6842956542969,213.67240142822266,1870.6467895507812,-0.0042331859911786274,-0.7949424862356496,-0.00043412202013661005,0.6066698733676493
128,2.133333,350.6772766113281,213.66856384277344,1870.6602783203125,-0.004277557342622597,-0.7949500126528017,-0.00043071941079246887,0.6066597022773808
129,2.15,350.6743621826172,213.6668930053711,1870.6677856445312,-0.0043018607450859185,-0.7949553839200356,-0.0004289893264022661,0.6066524932272483
130,2.166667,350.67144775390625,213.66522216796875,1870.67529296875,-0.004326165875560036,-0.7949607531362761,-0.0004272574555955907,0.6066452857419141
131,2.183333,350.671630859375,213.6660842895508,1870.67529296875,-0.004323668761768553,-0.7949641116663992,-0.0004267455810192424,0.6066409027910172
132,2.2,350.67181396484375,213.6669464111328,1870.67529296875,-0.004321171562148095,-0.7949674701589106,-0.00042623379654385646,0.6066365198289853
133,2.216667,350.6732635498047,213.66673278808594,1870.6708374023438,-0.004302117426523345,-0.7949714210620668,-0.00042453073321579846,0.6066314789506586
134,2.233333,350.6747131347656,213.66651916503906,1870.6663818359375,-0.004283062487363401,-0.794975370982131,-0.0004228285065633939,0.6066264386948581
135,2.25,350.67591857910156,213.6618423461914,1870.6615600585938,-0.004260849858232182,-0.7949801254214567,-0.0004164492587066506,0.606620368857975
136,2.266667,350.6771240234375,213.65716552734375,1870.65673828125,-0.004238636348438046,-0.7949848788591276,-0.000410070946867558,0.6066142993608561
137,2.283333,350.6761779785156,213.649169921875,1870.6551513671875,-0.004223804296185894,-0.7949871087540316,-0.00039992389744120127,0.6066114872412567
138,2.3,350.67523193359375,213.64117431640625,1870.653564453125,-0.004208972128142622,-0.7949893383582141,-0.00038977698597579124,0.6066086749497526
139,2.316667,350.6715087890625,213.63379669189453,1870.6564331054688,-0.004206047992711718,-0.7949860501273027,-0.00038145316272908907,0.6066130098808936
140,2.333333,350.66778564453125,213.6264190673828,1870.6593017578125,-0.00420312362588593,-0.7949827617510996,-0.00037312955423748066,0.6066173448267991
141,2.35,350.66355895996094,213.621826171875,1870.6644287109375,-0.004209473113672713,-0.7949752488674783,-0.0003701984025560102,0.6066271482363275
142,2.366667,350.6593322753906,213.6172332763672,1870.6695556640625,-0.004215821726178961,-0.7949677356327495,-0.0003672681366461592,0.6066369517794212
143,2.383333,350.65802001953125,213.61502075195312,1870.6731567382812,-0.004225908805623492,-0.794959924734094,-0.0003678135920889169,0.6066471169260524
144,2.4,350.6567077636719,213.61280822753906,1870.6767578125,-0.004235994962189919,-0.7949521134258948,-0.0003683600056246706,0.6066572821760982
145,2.416667,350.65904235839844,213.61180114746094,1870.6768798828125,-0.004245207162468111,-0.7949474833359087,-0.00036888481767069915,0.6066632845970196
146,2.433333,350.661376953125,213.6107940673828,1870.677001953125,-0.00425441887377102,-0.7949428529676269,-0.00036941013771508313,0.6066692871506569
147,2.45,350.6642303466797,213.61019134521484,1870.6752319335938,-0.00425823468310437,-0.7949419358995358,-0.0003690902679985738,0.6066704622429347
148,2.466667,350.6670837402344,213.60958862304688,1870.6734619140625,-0.004262050447625402,-0.794941018780038,-0.00036877044440045457,0.6066716373750272
149,2.483333,350.667236328125,213.60887908935547,1870.6719360351562,-0.004257579999031784,-0.7949422240934079,-0.00036880783725117054,0.6066700893786978
150,2.5,350.6673889160156,213.60816955566406,1870.67041015625,-0.004253109485945657,-0.7949434293429453,-0.00036884529679116946,0.6066685414271332
151,2.516667,350.66485595703125,213.60691833496094,1870.6704711914062,-0.004243142081948969,-0.7949446669070427,-0.0003697083258896041,0.6066669890616079
152,2.533333,350.6623229980469,213.6056671142578,1870.6705322265625,-0.004233174525297916,-0.7949459041274007,-0.00037057151191109916,0.6066654369759844
153,2.55,350.65931701660156,213.60394287109378,1870.6723022460938,-0.004224940634591285,-0.7949462926746861,-0.00037148694850132205,0.6066649846800568
154,2.566667,350.65631103515625,213.6022186279297,1870.674072265625,-0.004216706707933483,-0.79494668098039,-0.00037240242183291737,0.606664532587193
155,2.583333,350.65419006347656,213.6007080078125,1870.6766357421875,-0.004215356497082908,-0.7949458501800196,-0.0003725895723251248,0.6066656304985302
156,2.6,350.6520690917969,213.5991973876953,1870.67919921875,-0.004214006301464119,-0.7949450193713402,-0.0003727767071361171,0.6066667284144709
157,2.616667,350.65074157714844,213.59852600097656,1870.6810302734375,-0.004218113488979918,-0.7949433904715177,-0.0003722336065420408,0.6066688346259304
158,2.633333,350.6494140625,213.5978546142578,1870.682861328125,-0.004222220585176578,-0.7949417615043909,-0.0003716905996921343,0.6066709408861811
159,2.65,350.64849853515625,213.59793090820312,1870.6829833984375,-0.004226114253708454,-0.7949401767149028,-0.0003713001063672984,0.6066729906127557
160,2.666667,350.6475830078125,213.59800720214844,1870.68310546875,-0.004230007840314187,-0.7949385918672196,-0.0003709096972909124,0.6066750403797977
161,2.683333,350.6473236083985,213.59819793701175,1870.6817626953125,-0.004229974808835798,-0.794937750141497,-0.00037164092699817154,0.6066761430912814
162,2.7,350.6470642089844,213.598388671875,1870.680419921875,-0.004229941784986874,-0.7949369084124996,-0.00037237214932779545,0.6066772458029517
163,2.716667,350.64788818359375,213.59809112548828,1870.6790161132812,-0.00422724372533961,-0.7949369344367605,-0.0003740200363244496,0.6066772294950458
164,2.733333,350.6487121582031,213.59779357910156,1870.6776123046875,-0.0042245456657367545,-0.7949369604104642,-0.0003756679232647099,0.6066772132369084
165,2.75,350.6502685546875,213.59691619873047,1870.6773071289062,-0.004221891128085469,-0.7949377515496282,-0.00037709653520851905,0.60667619418824
166,2.766667,350.6518249511719,213.59603881835938,1870.677001953125,-0.004219236551949773,-0.7949385426427734,-0.0003785251860317035,0.6066751751823917
167,2.783333,350.65338134765625,213.5948944091797,1870.6776123046875,-0.004216675546982886,-0.7949401133790241,-0.00037913406233714894,0.6066731344353716
168,2.8,350.6549377441406,213.59375,1870.67822265625,-0.004214114481022499,-0.794941684082154,-0.0003797430009237726,0.6066710937097818
169,2.816667,350.65570068359375,213.59297943115234,1870.6783447265625,-0.0042108109658332326,-0.7949432556129974,-0.00037942560201238094,0.6066690576110101
170,2.833333,350.6564636230469,213.5922088623047,1870.678466796875,-0.004207507393735592,-0.7949448271104075,-0.00037910826240992535,0.6066670215273459
171,2.85,350.6560974121094,213.59228515625,1870.6774291992188,-0.004205181516212927,-0.7949448024600754,-0.000377736821529453,0.6066670708098647
172,2.866667,350.6557312011719,213.5923614501953,1870.6763916015625,-0.004202855639064264,-0.7949447778024437,-0.00037636538017692036,0.6066671200899232
173,2.883333,350.65440368652344,213.5929183959961,1870.6747436523438,-0.004204100679634831,-0.7949427484809873,-0.0003746269798881506,0.6066697716464824
174,2.9,350.653076171875,213.59347534179688,1870.673095703125,-0.004205345643942794,-0.7949407191271963,-0.00037288865537299235,0.6066724232199794
175,2.916667,350.6516418457031,213.59369659423828,1870.6712036132812,-0.004208680834750991,-0.7949382125055052,-0.0003725625548002417,0.6066756847783883
176,2.933333,350.65020751953125,213.5939178466797,1870.6693115234375,-0.004212015912163018,-0.7949357058319078,-0.0003722365708079327,0.6066789463591247
177,2.95,350.6509246826172,213.5940704345703,1870.6658935546875,-0.004210689574300924,-0.7949369794386733,-0.0003752399260334406,0.6066772848963647
178,2.966667,350.6516418457031,213.59422302246094,1870.6624755859375,-0.004209363168596088,-0.7949382529913768,-0.00037824334816051713,0.606675623479881
179,2.983333,350.65708923339844,213.5965347290039,1870.6549682617188,-0.004197406849875529,-0.7949479317677373,-0.00038577129572821907,0.6066630190925114
180,3.0,350.66253662109375,213.59884643554688,1870.6474609375,-0.0041854482022193485,-0.7949576093354617,-0.00039330158960771533,0.6066504155581317
181,3.016667,350.6720275878906,213.6057357788086,1870.6356811523438,-0.004165765919655295,-0.7949757922940712,-0.00040493974428332247,0.6066267156040193
182,3.033333,350.6815185546875,213.6126251220703,1870.6239013671875,-0.004146076571043586,-0.7949939719376393,-0.0004165850243895518,0.60660301770499
183,3.05,350.6905975341797,213.62297058105472,1870.6124267578125,-0.004128534634745506,-0.7950124546116487,-0.00042919560848509364,0.6065789050117557
184,3.066667,350.6996765136719,213.63331604003906,1870.6009521484375,-0.00411098576106172,-0.7950309341515878,-0.00044181316540523556,0.6065547941771238
185,3.083333,350.70538330078125,213.6417007446289,1870.5951538085938,-0.004102467483845658,-0.795041730371764,-0.00045131183753926014,0.6065406936435846
186,3.1,350.7110900878906,213.65008544921875,1870.58935546875,-0.0040939467779686186,-0.795052525487166,-0.00046081293226676195,0.6065265937843946
187,3.116667,350.71482849121094,213.65216827392578,1870.5886840820312,-0.004094374154640197,-0.7950546989883395,-0.00046551867453370265,0.6065237382075054
188,3.133333,350.71856689453125,213.6542510986328,1870.5880126953125,-0.004094801413102179,-0.79505687242169,-0.00047022453001640017,0.6065208826621875
189,3.15,350.7231903076172,213.6511688232422,1870.5853881835938,-0.004097895460273782,-0.7950573095781349,-0.0004711600832376823,0.6065202879931968
190,3.166667,350.7278137207031,213.64808654785156,1870.582763671875,-0.004100989518942077,-0.7950577467159661,-0.0004720956240915164,0.6065196933304127
191,3.183333,350.7346649169922,213.64411926269534,1870.5730590820312,-0.004097481821566927,-0.7950645253219509,-0.0004713695785258365,0.606510831748307
192,3.2,350.74151611328125,213.64015197753906,1870.5633544921875,-0.00409397387486425,-0.7950713038029674,-0.00047064379432874473,0.6065019701051108
193,3.216667,350.74818420410156,213.63835906982422,1870.55078125,-0.0040836865124122745,-0.7950828621086123,-0.00046976913078249094,0.6064868879065807
194,3.233333,350.7548522949219,213.63656616210938,1870.5382080078125,-0.004073397780298849,-0.7950944198522661,-0.00046889589163817946,0.6064718056818097
195,3.25,350.7558135986328,213.63731384277344,1870.5316772460938,-0.004069242948636558,-0.7950994830212219,-0.00046747665627121856,0.6064651967151836
196,3.266667,350.75677490234375,213.6380615234375,1870.525146484375,-0.004065087940310378,-0.7951045461047551,-0.00046605760961272594,0.6064585877155121
197,3.283333,350.7498016357422,213.64026641845703,1870.5281982421875,-0.004075890713342904,-0.7950969907721871,-0.00046304824744734384,0.6064684228929202
198,3.3,350.7428283691406,213.64247131347656,1870.53125,-0.0040866922050971,-0.7950894347939643,-0.0004600401913514065,0.6064782584634486
199,3.316667,350.73301696777344,213.64505767822266,1870.5386962890625,-0.004104455776820106,-0.795076101346764,-0.00045658530413867217,0.6064956207919943
200,3.333333,350.72320556640625,213.64764404296875,1870.546142578125,-0.00412221586364496,-0.7950627662629957,-0.0004531339823473666,0.6065129839568157
201,3.35,350.71714782714844,213.6497039794922,1870.5521240234375,-0.0041341646697289755,-0.7950536303806559,-0.0004515009454943253,0.606524879661106
202,3.366667,350.7110900878906,213.65176391601562,1870.55810546875,-0.004146111945214178,-0.7950444937972007,-0.00044986947906818815,0.6065367756830106
203,3.383333,350.7104187011719,213.65245819091797,1870.5626220703125,-0.004147718442142783,-0.7950414779145042,-0.0004512918922687471,0.6065407168219406
204,3.4,350.7097473144531,213.6531524658203,1870.567138671875,-0.00414932492915881,-0.795038462008934,-0.000452714319285115,0.606544657942716
205,3.416667,350.7123107910156,213.65239715576172,1870.57275390625,-0.004141759929680728,-0.7950397328213633,-0.0004567871773615524,0.606543040851591
206,3.433333,350.7148742675781,213.65164184570312,1870.578369140625,-0.004134194759073922,-0.7950410032673131,-0.0004608602083037,0.6065414241131986
207,3.45,350.7191467285156,213.64994049072266,1870.5853271484375,-0.004117377220574434,-0.7950469077937149,-0.00046565754526672854,0.6065337952460078
208,3.466667,350.7234191894531,213.6482391357422,1870.59228515625,-0.004100558151308386,-0.7950528109598187,-0.0004704564424962532,0.6065261675133846
209,3.483333,350.72930908203125,213.64519500732422,1870.5975341796875,-0.004074954859229572,-0.7950638593223697,-0.0004726773085094477,0.6065118555465148
210,3.5,350.7351989746094,213.64215087890625,1870.602783203125,-0.0040493478551863115,-0.7950749051875788,-0.0004749019951815221,0.6064975452473038
211,3.516667,350.7398376464844,213.63687896728516,1870.605712890625,-0.004024648830974509,-0.7950851624266598,-0.0004708378782719187,0.6064842660798807
212,3.533333,350.7444763183594,213.63160705566406,1870.608642578125,-0.003999947261065826,-0.7950954180252174,-0.00046677643173477024,0.60647098758059
213,3.55,350.7417755126953,213.62527465820315,1870.6123046875,-0.003993907227182358,-0.7950939005595837,-0.0004552871274909595,0.6064730255432959
214,3.566667,350.73907470703125,213.6189422607422,1870.615966796875,-0.00398786708468801,-0.7950923829008046,-0.000443797919509187,0.6064750634714026
215,3.583333,350.7262725830078,213.61443328857422,1870.6217041015625,-0.004010327821395767,-0.7950742856199406,-0.0004285614047323522,0.6064986512366111
216,3.6,350.7134704589844,213.60992431640625,1870.62744140625,-0.004032780153537052,-0.795056183876588,-0.0004133333473042751,0.606522242229726
217,3.616667,350.6951904296875,213.60869598388672,1870.6331176757812,-0.004074460961770328,-0.7950287657844908,-0.0003998470287956487,0.6065579118809795
218,3.633333,350.6769104003906,213.6074676513672,1870.6387939453125,-0.004116123225841682,-0.7950013377880636,-0.00038637957909904715,0.6065935881260203
219,3.65,350.66111755371094,213.6084747314453,1870.6421508789062,-0.0041558252774132,-0.7949770921326915,-0.0003775425548535539,0.6066250980318347
220,3.666667,350.64532470703125,213.60948181152344,1870.6455078125,-0.004195512923662025,-0.794952838675827,-0.0003687202508299583,0.6066566129186498
221,3.683333,350.6369781494141,213.61063385009768,1870.645751953125,-0.004217226791135814,-0.7949401257489812,-0.00036484742452602513,0.6066731231550834
222,3.7,350.6286315917969,213.61178588867188,1870.64599609375,-0.004238936680365863,-0.7949274106381545,-0.0003609786718796539,0.6066896347609188
223,3.716667,350.6273651123047,213.6119613647461,1870.6437377929688,-0.004242030010517474,-0.794925776363179,-0.0003608108196033427,0.6066917545758634
224,3.733333,350.6260986328125,213.6121368408203,1870.6414794921875,-0.004245123275717695,-0.7949241420514184,-0.0003606430342923166,0.6066938744117928
225,3.75,350.62835693359375,213.61209869384766,1870.6385498046875,-0.004238706327810312,-0.7949279880030768,-0.00036201732848768135,0.606688879246604
226,3.766667,350.630615234375,213.612060546875,1870.6356201171875,-0.0042322890130384715,-0.7949318337540169,-0.0003633919976937002,0.6066838842102551
227,3.783333,350.63319396972656,213.6131362915039,1870.6339721679688,-0.0042246023463375785,-0.7949359563372341,-0.00036469030221177284,0.6066785351882871
228,3.8,350.6357727050781,213.6142120361328,1870.63232421875,-0.004216915228029937,-0.7949400786566678,-0.0003659890694035397,0.606673186339475
229,3.816667,350.6380157470703,213.6161880493164,1870.6324462890625,-0.0042117402501284425,-0.7949427606552962,-0.00036771884406370457,0.6066697069317485
230,3.833333,350.6402587890625,213.6181640625,1870.632568359375,-0.004206565046811905,-0.7949454425084493,-0.0003694488479992758,0.6066662276351811
231,3.85,350.6430206298828,213.61941528320312,1870.6332397460938,-0.004204677502094137,-0.7949471927020147,-0.00037308657134094153,0.6066639451201131
232,3.866667,350.6457824707031,213.62066650390625,1870.6339111328125,-0.004202789838329575,-0.7949489428072137,-0.00037672441237001795,0.6066616626802662
233,3.883333,350.6484375,213.6202850341797,1870.6341552734375,-0.004203643705729112,-0.794950524614934,-0.0003810076456904336,0.6066595813363623
234,3.9,350.6510925292969,213.61990356445312,1870.6343994140625,-0.00420449750382478,-0.7949521063768001,-0.000385290944683243,0.606657500010275
235,3.916667,350.6515655517578,213.61859893798828,1870.634765625,-0.004206322796171256,-0.7949529049552985,-0.00038671345658017054,0.6066564400089799
236,3.933333,350.65203857421875,213.61729431152344,1870.6351318359375,-0.004208148091525916,-0.7949537035281975,-0.0003881359642735825,0.6066553800032733
237,3.95,350.650146484375,213.61585998535156,1870.6377563476562,-0.004208448888202932,-0.7949531373543326,-0.0003861093437665361,0.606656121116431
238,3.966667,350.64825439453125,213.6144256591797,1870.640380859375,-0.004208749668626887,-0.7949525711643811,-0.0003840827390848658,0.6066568622424179
239,3.983333,350.6461181640625,213.61284637451172,1870.6443481445312,-0.004207494137708944,-0.7949508840452849,-0.00038110640776222116,0.606659083593584
240,4.0,350.64398193359375,213.61126708984375,1870.6483154296875,-0.004206238567988798,-0.7949491969058846,-0.00037813011202137814,0.6066613049415767
241,4.016667,350.6425018310547,213.6099853515625,1870.6494140625,-0.004206957791402428,-0.794946941279126,-0.0003751826274155045,0.6066642574728623
242,4.033333,350.6410217285156,213.60870361328125,1870.6505126953125,-0.004207676910112191,-0.7949446856042639,-0.0003722352452455862,0.6066672100299144
243,4.05,350.63958740234375,213.60850524902344,1870.6470336914062,-0.004212780949136266,-0.7949426753266646,-0.0003686280627698036,0.6066698109635182
244,4.066667,350.6381530761719,213.60830688476562,1870.6435546875,-0.0042178847773741215,-0.7949406648388166,-0.0003650210922995619,0.6066724120917544
245,4.083333,350.6381072998047,213.60923767089844,1870.6383056640625,-0.004226244931880595,-0.7949398510059328,-0.0003618072502199348,0.6066734222231553
246,4.1,350.6380615234375,213.61016845703125,1870.633056640625,-0.004234604982009171,-0.7949390368068268,-0.00035859351401539344,0.6066744327000875
247,4.116667,350.6418762207031,213.6124496459961,1870.6290893554688,-0.00424428380470145,-0.7949386741487116,-0.00035806120181202056,0.6066748405775944
248,4.133333,350.64569091796875,213.61473083496094,1870.6251220703125,-0.0042539625916602625,-0.7949383111837102,-0.00035752892612713117,0.6066752487020767
249,4.15,350.6520080566406,213.618896484375,1870.6234741210938,-0.0042623322058145995,-0.794937260261171,-0.000359728939721126,0.6066765656984953
250,4.166667,350.6583251953125,213.62306213378906,1870.621826171875,-0.0042707017460360056,-0.7949362091956635,-0.00036192903151098147,0.6066778827545972
251,4.183333,350.6614990234375,213.62757110595703,1870.62255859375,-0.004273340159471478,-0.7949348838193603,-0.0003641528915282514,0.6066795994951973
252,4.2,350.6646728515625,213.632080078125,1870.623291015625,-0.004275978566568302,-0.7949335584304557,-0.00036637676063271764,0.6066813162249691
253,4.216667,350.66136169433594,213.63368225097656,1870.624267578125,-0.004270700143386242,-0.7949345691831124,-0.0003661262020594587,0.6066800291665689
254,4.233333,350.6580505371094,213.63528442382812,1870.625244140625,-0.004265421660814051,-0.7949355798557803,-0.0003658757051167174,0.6066787421629162
255,4.25,350.65150451660156,213.63285064697266,1870.6235961914062,-0.004256755010841547,-0.7949405272777514,-0.00036301805586310424,0.6066723220537091
256,4.266667,350.64495849609375,213.6304168701172,1870.6219482421875,-0.004248088010058055,-0.7949454745116932,-0.0003601607816435755,0.6066659019475622
257,4.283333,350.6404266357422,213.62643432617188,1870.61669921875,-0.004244763280362793,-0.7949513396775624,-0.00035640670056238347,0.6066582419318196
258,4.3,350.6358947753906,213.62245178222656,1870.6114501953125,-0.004241438570163626,-0.794957204751185,-0.00035265261778869337,0.6066505818419438
259,4.316667,350.63555908203125,213.6196517944336,1870.60498046875,-0.0042478688587108395,-0.794960014949079,-0.0003501795364249454,0.6066468557708113
260,4.333333,350.6352233886719,213.61685180664062,1870.5985107421875,-0.004254299453019679,-0.7949628249126818,-0.00034770614405499296,0.6066431298905891
261,4.35,350.63812255859375,213.61585235595703,1870.5930786132812,-0.004267343723458771,-0.794961150766357,-0.00034745230193159945,0.6066452322623771
262,4.366667,350.6410217285156,213.61485290527344,1870.587646484375,-0.0042803877396793795,-0.7949594760872193,-0.00034719872219562953,0.6066473350415208
263,4.383333,350.64410400390625,213.61556243896484,1870.5853271484375,-0.004291555386980911,-0.7949545461614181,-0.0003486550357188393,0.6066537154994769
264,4.4,350.6471862792969,213.61627197265625,1870.5830078125,-0.00430272245549882,-0.7949496158786152,-0.00035011195422772105,0.6066600961127513
265,4.416667,350.64630126953125,213.6187286376953,1870.5883178710938,-0.004300430485070284,-0.7949448295361148,-0.00035394429068665413,0.6066663819719035
266,4.433333,350.6454162597656,213.62118530273438,1870.5936279296875,-0.004298138864281255,-0.7949400430425775,-0.00035777628049970563,0.6066726678909325
267,4.45,350.6387634277344,213.6243438720703,1870.6078491210938,-0.004275776026429244,-0.7949388505930737,-0.0003660558731516887,0.6066743834712591
268,4.466667,350.6321105957031,213.62750244140625,1870.6220703125,-0.00425341370764363,-0.7949376555741058,-0.000374334936663919,0.6066761014705714
269,4.483333,350.62327575683594,213.62854766845703,1870.6376953125,-0.004218428457390855,-0.7949428366824138,-0.0003858546807592864,0.606669549577719
270,4.5,350.61444091796875,213.6295928955078,1870.6533203125,-0.00418344043795845,-0.7949480118031733,-0.00039737724094940753,0.6066630031966778
271,4.516667,350.6104736328125,213.62734985351562,1870.6594848632812,-0.004156070842802058,-0.7949591221490012,-0.000405250057918688,0.6066486272626269
272,4.533333,350.60650634765625,213.62510681152344,1870.6656494140625,-0.00412869652318722,-0.7949702288127638,-0.00041312768961252155,0.6066342543014807
273,4.55,350.6116180419922,213.62213134765625,1870.659423828125,-0.004125676448413699,-0.7949822438963661,-0.0004110167336993835,0.6066185306669969
274,4.566667,350.6167297363281,213.61915588378906,1870.6531982421875,-0.004122656171331735,-0.7949942586583285,-0.00040890600547230117,0.6066028067873297
275,4.583333,350.6278381347656,213.61721801757812,1870.6411743164062,-0.00413775515935121,-0.7950019891009735,-0.0003999816090776927,0.6065925785256934
276,4.6,350.6389465332031,213.6152801513672,1870.629150390625,-0.00415285642017993,-0.7950097178610543,-0.00039105491713998673,0.606582351677076
277,4.616667,350.6485900878906,213.61386108398438,1870.619873046875,-0.0041686272626040985,-0.7950120382105857,-0.00038376455212670875,0.6065792070057827
278,4.633333,350.6582336425781,213.61244201660156,1870.610595703125,-0.004184398793331529,-0.7950143571090397,-0.00037647348891676075,0.6065760637092029
279,4.65,350.66123962402344,213.61261749267578,1870.605712890625,-0.004198598159654376,-0.7950116520803322,-0.0003725123163463012,0.6065795133900985
280,4.666667,350.66424560546875,213.61279296875,1870.600830078125,-0.004212796952388776,-0.795008946125647,-0.00036855172840568327,0.6065829638983024
281,4.683333,350.66050720214844,213.61576080322266,1870.6007080078125,-0.004230223909037458,-0.7950019428632166,-0.000365017613373956,0.606592023366226
282,4.7,350.6567687988281,213.6187286376953,1870.6005859375,-0.004247649096077652,-0.7949949382675463,-0.00036148530856993776,0.6066010838553691
283,4.716667,350.6497344970703,213.62183380126953,1870.6090087890625,-0.004262660253365983,-0.7949841848909095,-0.0003580289019359183,0.6066150734330675
284,4.733333,350.6427001953125,213.62493896484375,1870.617431640625,-0.004277668964124745,-0.7949734303222329,-0.00035457499405397067,0.6066290636843151
285,4.75,350.63653564453125,213.62490844726562,1870.6328125,-0.004282692708416996,-0.7949630827528299,-0.0003516410094734443,0.6066425899587689
286,4.766667,350.63037109375,213.6248779296875,1870.648193359375,-0.004287715388758876,-0.7949527347870847,-0.0003487080969585294,0.6066561162256119
287,4.783333,350.62701416015625,213.62224578857422,1870.6614379882812,-0.004284316645000992,-0.7949476576947987,-0.00034554263539356974,0.6066627949336648
288,4.8,350.6236572265625,213.61961364746094,1870.6746826171875,-0.004280917892697091,-0.7949425805312131,-0.00034237716713738216,0.6066694735836369
289,4.816667,350.62232971191406,213.61666107177734,1870.680908203125,-0.004275960347971348,-0.7949425058116543,-0.0003385483451224081,0.606669608602581
290,4.833333,350.6210021972656,213.61370849609375,1870.6871337890625,-0.0042710028042804654,-0.7949424310611499,-0.0003347195214981194,0.6066697435973518
291,4.85,350.6198425292969,213.61080169677734,1870.689453125,-0.004269789008168381,-0.794942417356581,-0.0003292085704018414,0.6066697731145158
292,4.866667,350.6186828613281,213.60789489746094,1870.6917724609375,-0.004268575212071982,-0.7949424035868399,-0.0003236976192441628,0.6066698026645864
293,4.883333,350.6160430908203,213.60445404052734,1870.6947021484375,-0.004272960744227093,-0.7949378973227818,-0.0003158404459737279,0.6066756806163616
294,4.9,350.6134033203125,213.60101318359375,1870.6976318359375,-0.004277345594419379,-0.7949333906150339,-0.0003079839476513303,0.6066815589300866
295,4.916667,350.6091766357422,213.5979766845703,1870.7028198242188,-0.004285535095052405,-0.7949238555617195,-0.0003010499071213796,0.6066939981710658
296,4.933333,350.6049499511719,213.59494018554688,1870.7080078125,-0.004293722792014512,-0.7949143197113262,-0.0002941176743346266,0.6067064378735885
297,4.95,350.6002655029297,213.59425354003906,1870.7130737304688,-0.004303165129831462,-0.7949033152271245,-0.00028966578225029664,0.6067207910600451
298,4.966667,350.5955810546875,213.59356689453125,1870.7181396484375,-0.00431260554596479,-0.7948923099679821,-0.0002852158342314787,0.6067351445557594
299,4.983333,350.59205627441406,213.59564971923828,1870.7171020507812,-0.004325327221768638,-0.7948830890646136,-0.0002771583264067598,0.6067471379798873
300,5.0,350.5885314941406,213.5977325439453,1870.716064453125,-0.004338046538308938,-0.794873866832333,-0.00026910319530117885,0.606759132409819
301,5.016667,350.5889434814453,213.60118865966797,1870.7056884765625,-0.004357675962801054,-0.794867632124174,-0.0002549790292089022,0.606767165432678
302,5.033333,350.58935546875,213.60464477539062,1870.6953125,-0.004377302878176325,-0.7948613943033573,-0.00024085738598529933,0.6067752014159402
303,5.05,350.5970001220703,213.60781860351562,1870.6800537109375,-0.004400875228624299,-0.7948603292849826,-0.00023244652903326888,0.6067764293335742
304,5.066667,350.6046447753906,213.61099243164062,1870.664794921875,-0.004424447250701975,-0.7948592614643151,-0.00022403600450988142,0.6067776598877037
305,5.083333,350.62005615234375,213.61293029785156,1870.6538696289062,-0.004443410057673566,-0.7948644400676536,-0.00023754804850581516,0.6067707323148667
306,5.1,350.6354675292969,213.6148681640625,1870.6429443359375,-0.004462373159872814,-0.7948696181555278,-0.00025105971835351283,0.6067638043984538
307,5.116667,350.65484619140625,213.61592864990234,1870.6414184570312,-0.004473029777337981,-0.7948779924950955,-0.00028790865311632575,0.6067527388979679
308,5.133333,350.6742248535156,213.6169891357422,1870.639892578125,-0.004483683597436002,-0.7948863640625756,-0.0003247602073369942,0.6067416743059474
309,5.15,350.6894836425781,213.6188735961914,1870.6445922851562,-0.004490055073610325,-0.7948938441457742,-0.00036449883158113077,0.606731804906576
310,5.166667,350.7047424316406,213.62075805664062,1870.6492919921875,-0.004496423429501396,-0.7949013204001601,-0.0004042404233943577,0.606721937622256
311,5.183333,350.7066955566406,213.62512969970703,1870.6524658203125,-0.004500482733513305,-0.7949059371395,-0.00041990289269437187,0.6067158481835621
312,5.2,350.7086486816406,213.62950134277344,1870.6556396484375,-0.004504541352084056,-0.7949105533382799,-0.0004355660066775123,0.6067097589299935
313,5.216667,350.69671630859375,213.63770294189453,1870.6549682617188,-0.0045013530825045766,-0.7949127085024715,-0.00042596796700948006,0.6067069657033637
314,5.233333,350.6847839355469,213.64590454101562,1870.654296875,-0.004498164986808586,-0.7949148634887523,-0.00041636976544349714,0.6067041725195469
315,5.25,350.6769256591797,213.66342163085938,1870.658203125,-0.004487556720621419,-0.7949188236353314,-0.0004240103576119923,0.6066990570951275
316,5.266667,350.6690673828125,213.68093872070312,1870.662109375,-0.004476947587301399,-0.7949227828636416,-0.00043165182163256794,0.6066939425289567
317,5.283333,350.697998046875,213.72190856933594,1870.6830444335938,-0.004479718921470255,-0.7949337650870281,-0.0005167224537613557,0.6066794658144052
318,5.3,350.7269287109375,213.76287841796875,1870.7039794921875,-0.004482479237451503,-0.7949447263369777,-0.0006018036838392173,0.6066650041672419
319,5.316667,350.8206787109375,213.84506225585938,1870.7432861328125,-0.004545602398616892,-0.7949617166683072,-0.0007911877014045257,0.6066420530697101
320,5.333333,350.9144287109375,213.92724609375,1870.7825927734375,-0.004608698505142806,-0.7949786413468047,-0.0009805967867872378,0.6066191211381476
321,5.35,351.0703887939453,214.06024169921875,1870.8175048828125,-0.004793249236231548,-0.7949900624592297,-0.0012419849635612365,0.6066022443299891
322,5.366667,351.2263488769531,214.1932373046875,1870.8524169921875,-0.004977787198872994,-0.795001396665831,-0.00150338300050452,0.6065853120324745
323,5.383333,351.3904266357422,214.37950897216797,1870.8323974609375,-0.005339817798930766,-0.7949887346569087,-0.001754582144519036,0.6065981532744553
324,5.4,351.55450439453125,214.56578063964844,1870.8123779296875,-0.0057018346400294385,-0.794975905681471,-0.0020057964427896216,0.606610892787372
325,5.416667,351.6106872558594,214.82333374023438,1870.6714477539062,-0.006260892182115988,-0.794924361651851,-0.0021226231792960057,0.6066725269470508
326,5.433333,351.6668701171875,215.0808868408203,1870.530517578125,-0.006819698655034665,-0.7948721314667438,-0.0022397124573329155,0.6067345136185005
327,5.45,351.4540710449219,215.46800994873047,1870.2212524414062,-0.007500251434003141,-0.7947902268094673,-0.0020530680955522245,0.6068344308853751
328,5.466667,351.24127197265625,215.85513305664062,1869.9119873046875,-0.008180017667314137,-0.7947062280974956,-0.001867223966126509,0.6069362502015133
329,5.483333,350.618896484375,216.46199798583984,1869.4418334960938,-0.008789520791817976,-0.7946381184436981,-0.0012019761098540252,0.6070185831537126
330,5.5,349.99652099609375,217.06886291503906,1868.9716796875,-0.009398145070501455,-0.7945656787920811,-0.0005376059281748679,0.6071052362933294
331,5.516667,348.93458557128906,217.9546127319336,1868.4074096679688,-0.00973493401286268,-0.794565738695912,0.0006940617440927783,0.6070996921665177
332,5.533333,347.8726501464844,218.84036254882812,1867.8431396484375,-0.010072083405776542,-0.7945589455746626,0.001926078846474591,0.6071004244467508
333,5.55,346.50750732421875,219.9724884033203,1867.273681640625,-0.010071814151584051,-0.7946457235173058,0.003651741693251555,0.6069789102085502
334,5.566667,345.1423645019531,221.1046142578125,1866.7042236328125,-0.010073978223540505,-0.7947234437724199,0.0053797402365667775,0.6068642527585919
335,5.583333,343.7621765136719,222.39688110351562,1866.192138671875,-0.009801530974844352,-0.7948882490439647,0.007369267682257609,0.6066319274619465
336,5.6,342.3819885253906,223.68914794921875,1865.6800537109375,-0.009533331489679383,-0.7950432472507528,0.009362812768131274,0.6064055477390978
337,5.616667,341.32701110839844,225.1039886474609,1865.2501220703125,-0.009062088895883589,-0.7952846052219549,0.01131136421142962,0.6060629738578979
338,5.633333,340.27203369140625,226.51882934570312,1864.8201904296875,-0.008595868304433107,-0.7955178678260239,0.013264586320605223,0.6057239336260151
339,5.65,339.7947998046875,228.1156005859375,1864.4627685546875,-0.007938568986587412,-0.7958376806365332,0.014924423053700224,0.6052740096832366
340,5.666667,339.31756591796875,229.71237182617188,1864.1053466796875,-0.0072853600661944755,-0.7961526341023494,0.016587928852568722,0.604824559154949
341,5.683333,339.5054626464844,231.62604522705078,1863.7587280273438,-0.006415362815975056,-0.7965263994022119,0.017867363682720495,0.6043056308610048
342,5.7,339.693359375,233.5397186279297,1863.412109375,-0.005546965350283759,-0.7968977567014467,0.019147968487008546,0.6037851868358689
343,5.716667,340.4810028076172,235.93778228759766,1862.970703125,-0.004478096732929844,-0.797251504585257,0.020119329858501196,0.6032952823056379
344,5.733333,341.2686462402344,238.33584594726562,1862.529296875,-0.003408545169648745,-0.7976034931993942,0.021089634149597386,0.6028036801375606
345,5.75,342.4952392578125,241.37147521972656,1861.88671875,-0.0022251530254297695,-0.7978402223019422,0.02191392406177253,0.6024664374912645
346,5.766667,343.7218322753906,244.4071044921875,1861.244140625,-0.001040696803193337,-0.7980750785524388,0.022736894873770352,0.6021279926686535
347,5.783333,345.20082092285156,248.1674041748047,1860.33056640625,0.00016150597167912808,-0.7981454032985142,0.023556722287539026,0.6020041278465962
348,5.8,346.6798095703125,251.92770385742188,1859.4169921875,0.0013640007521396307,-0.7982138866314408,0.024376148011930276,0.6018791690188139
349,5.816667,348.2493896484375,256.3955078125,1858.2188110351562,0.0025000319332723173,-0.7981336974812874,0.025239700648480218,0.6019462669510932
350,5.833333,349.8189697265625,260.8633117675781,1857.0206298828125,0.003635862598366046,-0.7980518796902512,0.026103468413376747,0.6020121151295997
351,5.85,351.3538818359375,265.93943786621094,1855.5557861328125,0.004630911066690837,-0.7978849385702806,0.0269486543548805,0.6021892970601959
352,5.866667,352.8887939453125,271.01556396484375,1854.0909423828125,0.005625803114867092,-0.7977166825950641,0.027794072740368353,0.6023652830047078
353,5.883333,354.28984069824224,276.6020507812501,1852.3402099609375,0.006471501309702409,-0.797582309575832,0.028490949654682362,0.6025021534486451
354,5.9,355.6908874511719,282.18853759765625,1850.5894775390625,0.007317056194550377,-0.7974469994294064,0.0291880143694001,0.6026382029102151
355,5.916667,356.878662109375,288.25543212890625,1848.4908447265625,0.008067532309378334,-0.79749713610968,0.02964721516433809,0.6025398538290188
356,5.933333,358.0664367675781,294.32232666015625,1846.3922119140625,0.008818185388551157,-0.7975465273259361,0.03010618266055998,0.6024411955721505
357,5.95,358.982177734375,300.9016876220703,1843.9253540039062,0.00948413831620227,-0.7978822053751398,0.03038981666323526,0.6019721725373003
358,5.966667,359.8979187011719,307.4810485839844,1841.45849609375,0.010151855653072587,-0.7982169669172907,0.030671510817254645,0.6015030107791207
359,5.983333,360.5014190673828,314.60552978515625,1838.6892700195312,0.0106621164043557,-0.7988445712319635,0.030967724399907644,0.6006452116953
360,6.0,361.10491943359375,321.7300109863281,1835.9200439453125,0.011174939844667641,-0.7994710170547173,0.03126107591143523,0.5997865943332039
361,6.016667,361.3778076171875,329.3724060058594,1832.943359375,0.011452892827516414,-0.8003440303152373,0.03171971105856772,0.5985917843697864
362,6.033333,361.65069580078125,337.0148010253906,1829.9666748046875,0.011730931308891046,-0.8012151161241319,0.03217783316255303,0.597395438547854
363,6.05,361.6079864501953,345.07276916503906,1826.8422241210938,0.011757451662284738,-0.8022776273714619,0.03280222540730521,0.5959332051144282
364,6.066667,361.5652770996094,353.1307373046875,1823.7177734375,0.01177954601793864,-0.8033365625933343,0.033430521720202305,0.5944695195835126
365,6.083333,361.2563171386719,361.4535369873047,1820.4681396484375,0.011590190596902882,-0.8045119649319714,0.03413297714592746,0.5928415518790677
366,6.1,360.9473571777344,369.7763366699219,1817.218505859375,0.011392658807489894,-0.8056821652653552,0.03484307753737248,0.5912126654989301
367,6.116667,360.44932556152344,378.20606994628884,1813.85546875,0.011038861205020003,-0.8068582778452956,0.03553870940045333,0.5895717625106973
368,6.133333,359.9512939453125,386.63580322265625,1810.492431640625,0.010675272811621164,-0.8080285011684567,0.036243693229788786,0.5879305865073866
369,6.15,359.3638000488281,395.0390167236328,1807.0337524414062,0.010172499119987879,-0.80907932013377,0.03687147748768005,0.5864534663052182
370,6.166667,358.77630615234375,403.4422302246094,1803.5750732421875,0.009660102026492381,-0.8101245388794771,0.037508631578852196,0.584976936717367
371,6.183333,358.2047882080078,411.71197509765625,1800.0482177734375,0.008983129997496984,-0.8109591028481759,0.038022827397975814,0.5837969693992883
372,6.2,357.6332702636719,419.9817199707031,1796.5213623046875,0.008297722157535025,-0.8117887334436583,0.03854542341668482,0.5826186148713118
373,6.216667,357.15956115722656,428.0240020751953,1792.949462890625,0.00746031324790989,-0.8123824800135013,0.038917807898082996,0.5817769797110951
374,6.233333,356.68585205078125,436.0662841796875,1789.3775634765625,0.006616456985100195,-0.8129719940477285,0.03929674780496688,0.5809376257421939
375,6.25,356.34808349609375,443.8101348876953,1785.7599487304688,0.005729089764202704,-0.8133517388669526,0.03951902868964127,0.5804001833080392
376,6.266667,356.01031494140625,451.5539855957031,1782.142333984375,0.004837739681094778,-0.8137282386661546,0.03974542587374077,0.5798648558019107
377,6.283333,355.8083801269531,458.9831085205078,1778.4485473632812,0.004062556480301795,-0.8139486979716876,0.039851303791737416,0.5795540408720635
378,6.3,355.6064453125,466.4122314453125,1774.7547607421875,0.0032854493858466183,-0.8141671735688705,0.039959192515665716,0.5792445789463253
379,6.316667,355.52757263183594,473.56793212890625,1770.9370727539062,0.0027537089758148383,-0.8142977896706951,0.04004283789085994,0.5790579400698547
380,6.333333,355.4486999511719,480.7236328125,1767.119384765625,0.002221142941885904,-0.814427465206392,0.04012734553272329,0.5788719777135705
381,6.35,355.49058532714844,487.6609649658203,1763.134033203125,0.0019824049570255895,-0.8145358530317871,0.04030148555508692,0.5787082204862987
382,6.366667,355.532470703125,494.5982971191406,1759.148681640625,0.001743210316846847,-0.8146438363129925,0.04047608488273445,0.578544784547927
383,6.383333,355.70849609375,501.3329162597658,1754.9655761718748,0.001771325116603124,-0.814779766076931,0.040794980906632916,0.578330843662847
384,6.4,355.884521484375,508.0675354003906,1750.782470703125,0.00179906746253811,-0.8149154174371754,0.04111420954045796,0.5781169843148728
385,6.416667,356.2107238769531,514.5500946044922,1746.3768920898438,0.002038566557904405,-0.815102306315847,0.04155221927083169,0.5778213284040705
386,6.433333,356.53692626953125,521.0326538085938,1741.9713134765625,0.0022777784279476416,-0.8152888533796832,0.0419904143370821,0.5775254993366742
387,6.45,357.0086212158203,527.1662292480469,1737.3221435546875,0.0026712157677923746,-0.8155136845858583,0.04248467716257977,0.5771701196925482
388,6.466667,357.4803161621094,533.2998046875,1732.6729736328125,0.003064568818078422,-0.8157380857035171,0.04297886714204462,0.5768143556898588
389,6.483333,358.0594787597656,538.9945068359375,1727.7684326171875,0.003551517243576156,-0.8159558048356814,0.04346221071873326,0.5764672996100162
390,6.5,358.6386413574219,544.689208984375,1722.8638916015625,0.004038607441543431,-0.8161730732336059,0.04394524652835374,0.576119796123954
391,6.516667,359.2710876464844,549.9137878417969,1717.6979370117188,0.004563807611692557,-0.8163397731138379,0.04435037119283585,0.5758485834553982
392,6.533333,359.9035339355469,555.1383666992188,1712.531982421875,0.00508927774854267,-0.8165060699408528,0.044755103013668376,0.5755770302539681
393,6.55,360.54913330078125,559.926513671875,1707.100830078125,0.005615652350358255,-0.8165996654393617,0.04504874179384629,0.5754164246142041
394,6.566667,361.1947326660156,564.7146606445312,1701.669677734375,0.006142253411705487,-0.8166928902165888,0.04534209118524995,0.5752556740786219
395,6.583333,361.84014892578125,569.1365051269531,1695.9833374023438,0.006662578356199164,-0.8166977041568387,0.045569260341498365,0.5752250973197579
396,6.6,362.4855651855469,573.558349609375,1690.2969970703125,0.007182911058433664,-0.8167021393702341,0.04579640891321511,0.5751944977722431
397,6.616667,363.13845825195307,577.6887207031249,1684.3864746093752,0.007723856127628599,-0.8165988376604906,0.04605944985815677,0.5753131386095919
398,6.633333,363.7913513183594,581.819091796875,1678.4759521484375,0.008264582527372333,-0.8164951184108231,0.0463227428068654,0.5754316829874708
399,6.65,364.4691162109375,585.714111328125,1672.3898315429688,0.008860218013905389,-0.8162753772192236,0.04670861726849458,0.5757033178254454
400,6.666667,365.1468811035156,589.609130859375,1666.3037109375,0.009455633198820994,-0.8160550993315929,0.047094804069898466,0.5759746047225791
401,6.683333,365.86427307128906,593.2979736328125,1660.091064453125,0.0101161985828506,-0.8157407278757791,0.04761791362986691,0.5763655625663844
402,6.7,366.5816650390625,596.98681640625,1653.87841796875,0.010776768703010687,-0.8154256228113747,0.04814117301049733,0.5767558776295018
403,6.716667,367.3403778076172,600.4915771484375,1647.560302734375,0.011488591806660375,-0.8150619859728658,0.0487440312479607,0.5772053280228499
404,6.733333,368.0990905761719,603.996337890625,1641.2421875,0.012200578431803463,-0.8146974548811355,0.04934691801407651,0.5776539488124716
405,6.75,368.8837432861328,607.3539733886719,1634.795654296875,0.012912245335802328,-0.8143276775766989,0.049957517789962644,0.5781072165863297
406,6.766667,369.66839599609375,610.7116088867188,1628.34912109375,0.013624108497149555,-0.8139569976947671,0.05056811138905363,0.578559638828983
407,6.783333,370.4557800292969,613.9629211425781,1621.7227172851562,0.014207226674201214,-0.8135960404102976,0.0511471541445313,0.5790022507398643
408,6.8,371.2431640625,617.2142333984375,1615.0963134765625,0.014790833125495355,-0.8132343664251409,0.05172586679736922,0.5794441571235439
409,6.816667,372.0289611816406,620.3795776367188,1608.2451782226562,0.015077992267081718,-0.8128718125177049,0.05226678575238897,0.5798967612174506
410,6.833333,372.81475830078125,623.544921875,1601.39404296875,0.01536646954410398,-0.8125086619675391,0.052806495476651075,0.5803490500353591
411,6.85,373.63526916503906,626.6330261230469,1594.30908203125,0.015296900382980672,-0.8121417726795845,0.05332598610446089,0.5808167396980924
412,6.866667,374.4557800292969,629.7211303710938,1587.22412109375,0.015229731618248806,-0.8117738750379856,0.05384312863070963,0.5812849117084548
413,6.883333,375.35650634765625,632.7548217773439,1579.922180175781,0.014937720152445226,-0.811435162090057,0.05437089501655042,0.5817161232213092
414,6.9,376.2572326660156,635.7885131835938,1572.6202392578125,0.014648500972749483,-0.811094839115573,0.054895887800900524,0.5821486278278813
415,6.916667,377.2204895019531,638.8053283691406,1565.1009521484375,0.01436335444193624,-0.8108382460345668,0.055416922961290235,0.5824637306015413
416,6.933333,378.1837463378906,641.8221435546875,1557.5816650390625,0.014080118923802861,-0.8105801548262174,0.05593606216141947,0.5827801642153504
417,6.95,379.1154327392578,644.8575744628906,1549.8134155273438,0.01395083190970432,-0.8104412755895919,0.05633155285596378,0.5829383065664652
418,6.966667,380.047119140625,647.8930053710938,1542.045166015625,0.013822153900200976,-0.8103017538252414,0.05672644298430577,0.5830970129195016
419,6.983333,380.86842346191406,650.9751281738281,1534.0064697265625,0.013866596314585793,-0.8102768659631104,0.05681502232065626,0.5831219179814382
420,7.0,381.6897277832031,654.0572509765625,1525.9677734375,0.013911049258848106,-0.8102519669009176,0.05690359170970375,0.5831468203568015
421,7.016667,382.4239959716797,657.1996765136719,1517.6867065429688,0.014094440603716254,-0.8103151238670121,0.056561529378900084,0.5830879351956931
422,7.033333,383.15826416015625,660.3421020507812,1509.4056396484375,0.014277999620913083,-0.8103776636872055,0.056219299301267074,0.5830296487398955
423,7.05,383.90252685546875,663.5255432128906,1500.9454345703125,0.014577302986112583,-0.8105077441313372,0.05545983247314378,0.5829141497020234
424,7.066667,384.64678955078125,666.708984375,1492.4852294921875,0.014877296215525315,-0.8106352817147908,0.0546996737365239,0.582801039626402
425,7.083333,385.4805450439453,669.868408203125,1483.8907470703125,0.015284163574730076,-0.8108211016790678,0.053645010053684154,0.5826300269571622
426,7.1,386.3143005371094,673.02783203125,1475.2962646484375,0.01569250875432912,-0.8110020771958134,0.05258886941377254,0.5824635497323866
427,7.116667,387.25828552246094,676.058380126953,1466.555114746094,0.01617736093187032,-0.8112314784459584,0.0513865497961422,0.5822380989524073
428,7.133333,388.2022705078125,679.0889282226562,1457.81396484375,0.016664594616558743,-0.8114544492838218,0.05018186144110411,0.5820186842413747
429,7.15,389.24375915527344,681.87109375,1448.8613891601562,0.017117975222703852,-0.811717637532465,0.04895410879127255,0.5817430249478209
430,7.166667,390.2852478027344,684.6532592773438,1439.9088134765625,0.01757447215248333,-0.8119744101252275,0.047723271201674605,0.5814732879644273
431,7.183333,391.41419982910156,687.0833435058594,1430.6666870117188,0.01781553091064743,-0.8122862589144796,0.046563876319474964,0.581124294673003
432,7.2,392.54315185546875,689.513427734375,1421.424560546875,0.018060205887567574,-0.8125934531864136,0.04540093465397889,0.5807791868984489
433,7.216667,393.75877380371094,691.5257568359375,1411.8518676757812,0.017979614162886712,-0.813000560563328,0.04439534761718822,0.5802894752692117
434,7.233333,394.9743957519531,693.5380859375,1402.2791748046875,0.017902759404719172,-0.8134051512542865,0.04338617045512866,0.5798009928690419
435,7.25,396.2623748779297,695.1214904785156,1392.393310546875,0.017585464233454088,-0.8139584337269218,0.042629317042151144,0.5790899420133543
436,7.266667,397.55035400390625,696.7048950195312,1382.5074462890625,0.01727129259717538,-0.814510307481509,0.04186957267640574,0.5783784231299571
437,7.283333,398.86505126953125,697.9115600585938,1372.3490600585938,0.016909754217078615,-0.8152292853315812,0.041458919049286,0.5774049104236489
438,7.3,400.17974853515625,699.1182250976562,1362.190673828125,0.01654991587651069,-0.8159469244304712,0.041046777314016174,0.5764302896873732
439,7.316667,401.4672393798828,700.0549926757812,1351.7689208984375,0.016254313842668754,-0.816812191835762,0.04103149289884624,0.5752130536944152
440,7.333333,402.7547302246094,700.9917602539062,1341.34716796875,0.01595817615564354,-0.817675500623809,0.04101676685892239,0.573994544512254
441,7.35,403.9916534423828,701.8043518066406,1330.6360473632812,0.01572043141525572,-0.8186496400618091,0.041326972391484376,0.5725886099249113
442,7.366667,405.22857666015625,702.616943359375,1319.9249267578125,0.015479691430485361,-0.8196208091465811,0.04163994446482088,0.5711814277373586
443,7.383333,406.42428588867193,703.4744262695312,1308.9140624999998,0.015328409238883782,-0.8206645798994016,0.04206520246758553,0.5696535841282008
444,7.4,407.6199951171875,704.3319091796875,1297.9031982421875,0.015173855468942269,-0.8217049037356087,0.04249332617989439,0.5681242139860182
445,7.416667,408.7974548339844,705.4020690917969,1286.6309814453125,0.015286507618150454,-0.8227802318540949,0.04276897793952558,0.5665419907482325
446,7.433333,409.97491455078125,706.4722290039062,1275.3587646484375,0.015400217538813031,-0.8238526026683288,0.043043064919184706,0.564957535518149
447,7.45,411.1765594482422,707.8846740722656,1263.8839111328125,0.01598038459248688,-0.8249218406836589,0.04301058489037154,0.5633814637159698
448,7.466667,412.3782043457031,709.297119140625,1252.4090576171875,0.01656908974771248,-0.8259875517491456,0.04296895866368269,0.5618039677785693
449,7.483333,413.6731262207031,711.0982360839844,1240.755859375,0.017628294302712698,-0.8270059468319284,0.04265711464641981,0.5602952594076134
450,7.5,414.9680480957031,712.8993530273438,1229.1026611328125,0.018701945812163914,-0.8280181983573554,0.0423301199824009,0.5587882079591102
451,7.516667,416.4221954345703,715.0159301757812,1217.2423706054688,0.02002079370978408,-0.8289354675332936,0.04185907093195138,0.5574163405079761
452,7.533333,417.8763427734375,717.1325073242188,1205.382080078125,0.021355363290422067,-0.8298445711537621,0.04137160808908959,0.5560488523767364
453,7.55,419.5082244873047,719.3865966796875,1193.2894287109375,0.022632056653015174,-0.8306271734487686,0.040812628045913894,0.5548699109991009
454,7.566667,421.1401062011719,721.6406860351562,1181.19677734375,0.023922009489252015,-0.8314019711218853,0.04023987448629071,0.5536959927414749
455,7.583333,422.91058349609375,723.8267517089844,1168.9141845703125,0.024933461435663336,-0.8320525580556053,0.03959822847509861,0.5527194979694436
456,7.6,424.6810607910156,726.0128173828125,1156.631591796875,0.025954631934919894,-0.8326971402954704,0.03894660872142677,0.5517472168429748
457,7.616667,426.52568054199213,727.9781799316406,1144.2539672851565,0.026613398796554007,-0.8332428161103431,0.03822777418718095,0.5509417153254004
458,7.633333,428.37030029296875,729.9435424804688,1131.8763427734375,0.027278862796192543,-0.8337843797801324,0.03750220440961242,0.5501391245345363
459,7.65,430.2355499267578,731.6120300292969,1119.494384765625,0.027590850154512625,-0.8342413486764778,0.03674648751545384,0.5494814035083255
460,7.666667,432.1007995605469,733.280517578125,1107.1124267578125,0.027907141470512042,-0.8346957260744955,0.03598656010166966,0.5488252944425618
461,7.683333,433.9577331542969,734.6333923339844,1094.7780151367188,0.027907918905210136,-0.8350495201249325,0.03523861909575811,0.548335377962907
462,7.7,435.8146667480469,735.9862670898438,1082.443603515625,0.02791101089868081,-0.8354018346912108,0.034488505224246103,0.5478460486966843
463,7.716667,437.6595153808594,737.0335998535156,1070.1578369140625,0.02762105624465702,-0.8356310587880504,0.03374218763237202,0.5475575546136433
464,7.733333,439.5043640136719,738.0809326171875,1057.8720703125,0.02733199184365948,-0.8358594198764236,0.0329950947913867,0.547268961430679
465,7.75,441.3557891845703,738.832275390625,1045.601318359375,0.02675339371461591,-0.8359697045195458,0.03220172443956631,0.5471763499945629
466,7.766667,443.20721435546875,739.5836181640625,1033.33056640625,0.02617495914992706,-0.8360792115586614,0.03140821352556251,0.5470831268062282
467,7.783333,445.09580993652344,740.0325927734375,1021.0505676269531,0.02533851784801125,-0.8360984952594371,0.030563361972737534,0.5471408837247447
468,7.8,446.9844055175781,740.4815673828125,1008.7705688476562,0.024502024391488818,-0.8361167563408408,0.029718460318343076,0.5471976184917995
469,7.816667,448.93699645996094,740.617919921875,996.4848022460938,0.023487715923937537,-0.8360586476299874,0.028918087320853898,0.5473737380889735
470,7.833333,450.88958740234375,740.7542724609375,984.1990356445312,0.022473474077420223,-0.8359992463625386,0.028117429866834527,0.547548731330685
471,7.85,452.92364501953125,740.5935974121094,971.9129638671875,0.021375319495556,-0.8358469969592406,0.027516044509328687,0.5478556020387513
472,7.866667,454.95770263671875,740.4329223632812,959.6268920898438,0.02027780802670638,-0.8356931888630977,0.026913707105845786,0.5481617981575143
473,7.883333,457.093490600586,740.0388793945312,947.3449707031247,0.019200177176435435,-0.8354285332446681,0.026649547441085844,0.5486167338481769
474,7.9,459.2292785644531,739.6448364257812,935.0630493164062,0.01812443241097772,-0.8351618667039452,0.026383164708642406,0.549072026216341
475,7.916667,461.5132293701172,739.1261596679688,922.8173522949219,0.017208922489815186,-0.8348126692268206,0.02654727453192239,0.549624328519087
476,7.933333,463.79718017578125,738.6074829101562,910.5716552734375,0.016296731281816617,-0.8344609108972418,0.026707839912018364,0.5501782402288441
477,7.95,466.31004333496094,738.0820007324219,898.4134521484375,0.01567462757388162,-0.8341016254045764,0.02733502694287812,0.5507100696826743
478,7.966667,468.8229064941406,737.5565185546875,886.2552490234375,0.015056436595651026,-0.8337392975777896,0.027958285292086014,0.5512444300626189
479,7.983333,471.6368865966797,737.1074829101562,874.2059631347656,0.01472994431768982,-0.8334274655377631,0.02898602775464869,0.5516715495860787
480,8.0,474.45086669921875,736.658447265625,862.1566772460938,0.014406987651326465,-0.8331120236039948,0.030010351046973503,0.5521015972294491
481,8.016667,477.5548706054689,736.3517150878906,850.1835632324212,0.014215595310244663,-0.8328409057855081,0.031234494171091275,0.5524475983061431
482,8.033333,480.65887451171875,736.0449829101562,838.21044921875,0.014027241296770675,-0.8325657230962096,0.032455727863577644,0.5527966886258754
483,8.05,483.9427795410158,735.9910583496094,826.2617492675776,0.013779458443118158,-0.8322967625908119,0.033579290614029075,0.5531407205655057
484,8.066667,487.2266845703125,735.9371337890625,814.3130493164062,0.013534581774117324,-0.8320240570755467,0.03470005339774189,0.5534877503955627
485,8.083333,490.565383911133,736.2683410644531,802.37466430664,0.013142903279261072,-0.8317397264861205,0.03548643523619893,0.5538745384944251
486,8.1,493.9040832519531,736.5995483398438,790.436279296875,0.012753998840827318,-0.8314527136713564,0.03627009612809992,0.5542636561862629
487,8.116667,497.2541809082033,737.3463439941406,778.5368041992181,0.012220991152123972,-0.8311542823186271,0.03665483169649941,0.5546977822850645
488,8.133333,500.6042785644531,738.0931396484375,766.6373291015625,0.011690397531299319,-0.8308541507495498,0.037037113127895,0.5551332876336601
489,8.15,504.0125579833986,739.1253662109376,754.7909851074212,0.011044871379570319,-0.830530175996459,0.03708734968643885,0.5556277225523719
490,8.166667,507.42083740234375,740.1575927734375,742.9446411132812,0.010401450176721835,-0.8302049645344206,0.03713532883102701,0.5561227329009614
491,8.183333,510.9606323242189,741.2659301757814,731.1043395996087,0.009695437865350412,-0.8298279964577473,0.036949468227818284,0.5567101863422308
492,8.2,514.5004272460938,742.374267578125,719.2640380859375,0.008991376822146766,-0.829449908965489,0.0367613840064576,0.5572975904361279
493,8.216667,518.2165527343752,743.3702697753907,707.3298339843743,0.008306447329575183,-0.82900097814176,0.03643985692936254,0.5579968799193536
494,8.233333,521.9326782226562,744.3662719726562,695.3956298828125,0.007623314132211133,-0.8285509393709852,0.03611616432626326,0.558695667267483
495,8.25,525.8253784179688,745.1057739257812,683.2543029785156,0.007043218638376133,-0.8280351953561921,0.03578181656559717,0.5594888470076154
496,8.266667,529.7180786132812,745.8452758789062,671.1129760742188,0.006464764892703108,-0.8275183741329828,0.03544544216484138,0.5602813292596188
497,8.283333,533.7545166015623,746.220458984375,658.6697692871101,0.006053055362907467,-0.8269688811417808,0.03522943040746601,0.5611102542077182
498,8.3,537.7909545898438,746.5956420898438,646.2265625,0.005642961683809197,-0.8264184355846471,0.035011517318748395,0.5619385375326191
499,8.316667,541.934875488281,746.5484619140625,633.4194641113288,0.005441290129515439,-0.8259044350970368,0.03501142465655403,0.5626957051482526
500,8.333333,546.0787963867188,746.5012817382812,620.6123657226562,0.005241188793351718,-0.8253897213316655,0.03500965748015455,0.5634524485200062
501,8.35,550.3265380859373,746.0278625488281,607.4146423339851,0.005259525285457979,-0.825018905599823,0.03526727742071577,0.5639790438836998
502,8.366667,554.5742797851562,745.554443359375,594.2169189453125,0.005279024173223352,-0.8246476531957168,0.035523781544415156,0.5645054835228442
503,8.383333,558.9711303710935,744.6796264648438,580.6430969238288,0.005467112876301996,-0.8245423601292678,0.036027793891042714,0.5646255441410698
504,8.4,563.3679809570312,743.8048095703125,567.0692749023438,0.005655480982998267,-0.8244366889437517,0.03653155085899815,0.5647456128648994
505,8.416667,567.992980957031,742.5635375976564,553.1828918457038,0.005885341396073668,-0.8246884034431953,0.03724181177322273,0.5643292012990407
506,8.433333,572.6179809570312,741.322265625,539.2965087890625,0.006114048041150501,-0.8249391473477107,0.03795301019086344,0.563912750881938
507,8.45,577.5457458496091,739.7844238281251,525.1993865966805,0.006224597744914394,-0.825581140033051,0.038832497612175026,0.5629112476526315
508,8.466667,582.4735107421875,738.24658203125,511.1022644042969,0.006331314259514966,-0.8262204572848717,0.039715252042647815,0.5619095738452173
509,8.483333,587.7302551269529,736.5716247558595,496.90127563476636,0.006245754093239589,-0.8272207015902029,0.04072847384668146,0.5603642501396208
510,8.5,592.9869995117188,734.8966674804688,482.7002868652344,0.006152379208736727,-0.8282155168502702,0.041748613130425216,0.5588186281614079
511,8.516667,598.5205078125003,733.3525085449218,468.4743499755852,0.006001746068739892,-0.8294682704178492,0.04281482150594461,0.5568781361066013
512,8.533333,604.0540161132812,731.808349609375,454.2484130859375,0.005841330653244372,-0.8307135616365107,0.04388961734572546,0.5549365358837247
513,8.55,609.751892089844,730.6939392089843,440.04333496093676,0.0059594654102729586,-0.8320530911898903,0.04487250704702485,0.5528459064917515
514,8.566667,615.4497680664062,729.5795288085938,425.8382568359375,0.006072210362803957,-0.8333858977115917,0.04585926320251952,0.5507522144624354
515,8.583333,621.2106933593753,729.0863647460938,411.68412780761645,0.00677191526493814,-0.8346402599844492,0.04664714337275983,0.5487748368792947
516,8.6,626.9716186523438,728.5932006835938,397.5299987792969,0.007474854560670621,-0.8358896632992865,0.047429974611316664,0.546793374911467
517,8.616667,632.7529907226566,728.7339477539062,383.4460296630852,0.008752494513973799,-0.836929560059103,0.047977006231887116,0.5451334810962215
518,8.633333,638.5343627929688,728.8746948242188,369.362060546875,0.010039072470895853,-0.8379646136914931,0.04851333824811626,0.5434712312871904
519,8.65,644.3251647949222,729.5284729003906,355.3458099365227,0.011517241757836659,-0.838726528259033,0.048743898002725154,0.5422445908852765
520,8.666667,650.115966796875,730.1822509765625,341.3295593261719,0.013004322184763835,-0.8394833635845581,0.048964370161422965,0.5410185397229624
521,8.683333,655.8938903808597,731.1601257324219,327.3595123291008,0.014191426837578354,-0.8399841970586758,0.04870867790354765,0.5402338538011977
522,8.7,661.6718139648438,732.1380004882812,313.38946533203125,0.015384605080970549,-0.8404807006344701,0.04844651234648441,0.5394519823199789
523,8.716667,667.4029235839847,733.2082824707031,299.435729980468,0.015991427908656236,-0.8408084211267755,0.04755211978212936,0.5390030325517358
524,8.733333,673.134033203125,734.278564453125,285.48199462890625,0.01660186424390834,-0.8411322016869122,0.04665415337799819,0.5385576917671279
525,8.75,678.7826843261719,735.208984375,271.5160217285156,0.01665666684012617,-0.8413906553012068,0.045142448551381234,0.5382810417991413
526,8.766667,684.4313354492188,736.139404296875,257.550048828125,0.016713934603661867,-0.8416442170512872,0.043628382442714386,0.5380076398524675
527,8.783333,689.9429931640622,736.7788391113281,243.57951354980543,0.01647178409174221,-0.8418816115289854,0.04173154592702255,0.5377941154128913
528,8.8,695.4546508789062,737.4182739257812,229.60897827148438,0.01623175121189726,-0.8421127938786714,0.0398326597341394,0.5375834185100556
529,8.816667,700.7528076171872,737.7429504394531,215.7016754150398,0.01598596878447238,-0.8422854046055954,0.03789838411948164,0.5374601924529318
530,8.833333,706.0509643554688,738.067626953125,201.79437255859375,0.01574146209812982,-0.8424515969948277,0.035962815815181556,0.5373399193904365
531,8.85,711.083587646484,738.1430969238281,188.04374694824293,0.015666886303265477,-0.8424598601480592,0.034310962838894295,0.5374371503180079
532,8.866667,716.1162109375,738.2185668945312,174.29312133789062,0.015591495847593673,-0.8424629532649753,0.03265974048214033,0.5375373651988573
533,8.883333,720.901184082031,738.1304626464844,160.78853607177805,0.015745082751195776,-0.8422386528756551,0.031484487688718844,0.5379543391463059
534,8.9,725.6861572265625,738.0423583984375,147.28395080566406,0.015895664912607146,-0.8420108636168432,0.03031196729899737,0.5383736788018788
535,8.916667,730.3125915527341,737.8677062988281,134.12346649169993,0.016313206408972606,-0.8415840194857245,0.02966577570474989,0.5390641512795536
536,8.933333,734.9390258789062,737.6930541992188,120.96298217773438,0.016726886014868603,-0.8411547054795498,0.029023324247542764,0.5397560739662679
537,8.95,739.5315856933591,737.4950561523438,108.23780441284248,0.017423253367732226,-0.8406351828436098,0.02885516436518221,0.5405518468167811
538,8.966667,744.1241455078125,737.2970581054688,95.51262664794922,0.018116116904710208,-0.8401135281689046,0.028690677587975725,0.5413482346100638
539,8.983333,748.7897338867185,737.0997619628906,83.24493789672917,0.018990535721801427,-0.8396044376202924,0.028888812146787884,0.5420970249079581
540,9.0,753.455322265625,736.9024658203125,70.97724914550781,0.019862443951277422,-0.8390934509469027,0.029089811903386848,0.5428456933067868
541,9.016667,758.249206542969,736.6765441894531,59.10203742980894,0.02071013487445987,-0.8386267211601889,0.029510823816806555,0.5435121195955485
542,9.033333,763.0430908203125,736.4506225585938,47.22682571411133,0.021556503869729654,-0.8381585291281578,0.029933527105323765,0.5441778947602267
543,9.05,767.9807128906252,736.1409606933594,35.66237163543639,0.022253748506580597,-0.8377109318709949,0.030453156850424306,0.5448098480562543
544,9.066667,772.9183349609375,735.831298828125,24.097917556762695,0.022950617963113932,-0.837262232535827,0.030973490233605988,0.5454409830650632
545,9.083333,777.9959106445315,735.3943481445312,12.814733684062357,0.02358155670143366,-0.8368051263425472,0.03154674935150339,0.5460823136814852
546,9.1,783.073486328125,734.9573974609375,1.5315498113632202,0.024212555726534187,-0.8363469632655369,0.032120271322292934,0.5467227792509531
547,9.116667,788.2474365234377,734.385498046875,-9.463950932026496,0.024948989305681384,-0.8358646743349407,0.0327569164817512,0.5473890559320455
548,9.133333,793.42138671875,733.8135986328125,-20.45945167541504,0.025685341359450272,-0.835381110592064,0.03339401970827542,0.5480542881439225
549,9.15,798.5770263671878,733.1553649902344,-31.190983772278404,0.026579739811586404,-0.8348665728447658,0.034063164710793285,0.5487540649397223
550,9.166667,803.732666015625,732.4971313476562,-41.922515869140625,0.027473543109723005,-0.8343504174039864,0.03473334675418642,0.5494526185487202
551,9.183333,808.7204284667971,731.8406677246094,-52.47346305847224,0.028406392558506518,-0.8338076063149809,0.035340276468124925,0.550189982980652
552,9.2,813.7081909179688,731.1842041015625,-63.024410247802734,0.02933814240563469,-0.8332630338227592,0.035948754720303504,0.5509261991399005
553,9.216667,818.4346313476565,730.5834045410156,-73.50136375427302,0.030128437472932413,-0.8327143230921644,0.03641528436280954,0.5516820283799115
554,9.233333,823.1610717773438,729.9826049804688,-83.97831726074219,0.030917553360615958,-0.8321641124757206,0.036883357490354325,0.5524369762623864
555,9.25,827.6300354003906,729.4075927734375,-94.46219253540039,0.03146054757654696,-0.8316486376302832,0.03719879742722827,0.553160941267409
556,9.266667,832.0989990234375,728.8325805664062,-104.9460678100586,0.03200275981732883,-0.8311321361135788,0.037515243483540066,0.5538842859205563
557,9.283333,836.367248535156,728.20556640625,-115.48801040649357,0.03232570475788003,-0.8307028531244781,0.037712385931949005,0.5544958021212405
558,9.3,840.635498046875,727.5785522460938,-126.02995300292969,0.03264830667665122,-0.8302729748954936,0.037909975000275466,0.5551069347655576
559,9.316667,844.7607116699216,726.8314819335939,-136.68034362792912,0.03286621115441944,-0.8299869977851068,0.03804177230357838,0.5555125734238792
560,9.333333,848.8859252929688,726.0844116210938,-147.3307342529297,0.03308395536609897,-0.8297007562159873,0.038173775600929175,0.5559180424202138
561,9.35,852.9201660156248,725.1626281738282,-158.1616363525385,0.03332787374176658,-0.8296006706585386,0.03830110144443134,0.5560440681303048
562,9.366667,856.9544067382812,724.2408447265625,-168.99253845214844,0.033571707346896046,-0.8295004881486194,0.03842852897503961,0.5561700538394986
563,9.383333,860.9586791992185,723.0796508789064,-180.08882141113222,0.03394304901342298,-0.8295962349586418,0.03858972367021733,0.5559935157833901
564,9.4,864.9629516601562,721.91845703125,-191.1851043701172,0.0343145759438342,-0.8296917675280109,0.038750678687072895,0.555816935398096
565,9.416667,869.0123901367185,720.4563903808595,-202.59070587158143,0.034866022528887146,-0.829965743256437,0.0389601310572921,0.5553587432298187
566,9.433333,873.0618286132812,718.9943237304688,-213.99630737304688,0.0354183080053108,-0.8302390684265043,0.03916854217770826,0.5549004036942162
567,9.45,877.2480163574216,717.2218627929689,-225.66046905517516,0.03616060014538322,-0.8306783327377603,0.03947972350441538,0.5541725994211149
568,9.466667,881.4342041015625,715.4494018554688,-237.3246307373047,0.03690454793962968,-0.8311162754581295,0.03978879542409556,0.5534443447797416
569,9.483333,885.8735046386716,713.443817138672,-249.1134872436517,0.03781223500998948,-0.8317404632240782,0.04037961714464591,0.5524015959775976
570,9.5,890.3128051757812,711.438232421875,-260.90234375,0.038721445605621865,-0.8323624612837282,0.0409679752659485,0.55135742281982
571,9.516667,895.1348876953127,709.3405456542968,-272.6503143310553,0.03971077133551696,-0.8332038617841264,0.04213075630638485,0.5499267030441499
572,9.533333,899.9569702148438,707.2428588867188,-284.3982849121094,0.04069791228465532,-0.8340412939594217,0.04329383725445929,0.5484928837842369
573,9.55,905.2559509277347,705.1812133789061,-295.94497680664125,0.04161613796208165,-0.8350937829243693,0.045264058440579936,0.5466604392085411
574,9.566667,910.554931640625,703.1195678710938,-307.4916687011719,0.042522440053897693,-0.836137650242176,0.04724288510982252,0.544824542165508
575,9.583333,916.3432922363285,701.1405639648436,-318.70668029785213,0.04317343570664878,-0.8373411959764324,0.05001575967838616,0.5426731979320848
576,9.6,922.1316528320312,699.1615600585938,-329.92169189453125,0.04379842352134162,-0.8385276554584739,0.05280986086601723,0.5405221436016032
577,9.616667,928.3281555175785,697.2304382324218,-340.72868347168026,0.04399862223538455,-0.839787217925666,0.056110634012643115,0.5382129193922762
578,9.633333,934.524658203125,695.29931640625,-351.5356750488281,0.04416031531305312,-0.841020127823015,0.0594444053597342,0.5359117220395898
579,9.65,940.9619445800785,693.3540954589843,-361.93180847168026,0.0438359610370672,-0.8422232148155537,0.06281988654689029,0.5336591859979044
580,9.666667,947.3992309570312,691.4088745117188,-372.32794189453125,0.04346884254711851,-0.8433944303222629,0.06623314489215083,0.5314221157862126
581,9.683333,953.853668212891,689.3950805664061,-382.3893280029302,0.042748101694838087,-0.844431378234638,0.06919228982475517,0.5294531842222169
582,9.7,960.30810546875,687.3812866210938,-392.4507141113281,0.04199155409698979,-0.8454399379467592,0.07218378277831781,0.527501205887638
583,9.716667,966.5632019042972,685.2455749511718,-402.3073272705083,0.0411830862411867,-0.8462397722251457,0.07436672234969476,0.5259769880127342
584,9.733333,972.8182983398438,683.10986328125,-412.1639404296875,0.040352774898613004,-0.847021831021285,0.07656970487444176,0.5244642520008129
585,9.75,978.7241821289062,680.8214416503906,-421.9540557861328,0.03978482858608842,-0.8475796524837236,0.07785535021273585,0.5234161294354599
586,9.766667,984.6300659179688,678.5330200195312,-431.7441711425781,0.039207913630278125,-0.8481305452170934,0.07914925618456468,0.5223721977899919
587,9.783333,990.1185913085934,676.1474914550782,-441.5738983154292,0.039034555445714034,-0.8484924161682571,0.07962902589341671,0.5217242005325939
588,9.8,995.6071166992188,673.761962890625,-451.40362548828125,0.03885944599366358,-0.8488530989737334,0.08011034275027702,0.521076475005529
589,9.816667,1000.6805419921873,671.438690185547,-461.31947326660105,0.03897214833026541,-0.8490653821078591,0.0799841420177417,0.5207414767293314
590,9.833333,1005.7539672851562,669.1154174804688,-471.2353210449219,0.03908533302095688,-0.8492774657806688,0.0798574428596262,0.5204064869692993
591,9.85,1010.4684143066404,667.0425415039064,-481.2195739746088,0.03917383528445192,-0.8493544354777226,0.07934157486719016,0.5203531186233247
592,9.866667,1015.182861328125,664.9696655273438,-491.2038269042969,0.03926250770043775,-0.8494307817592248,0.07882553335830235,0.5203002381123467
593,9.883333,1019.6184082031248,663.2655639648439,-501.1996307373042,0.038991948216208966,-0.8493667178904838,0.07809090326456611,0.5205358943834479
594,9.9,1024.053955078125,661.5614624023438,-511.1954345703125,0.03872087434556822,-0.8493019050446714,0.07735659077164306,0.5207714718008228
595,9.916667,1028.2767944335935,660.2327880859376,-521.1333618164057,0.03794679745004301,-0.8491022278665802,0.07649414939920042,0.5212812027140327
596,9.933333,1032.4996337890625,658.9041137695312,-531.0712890625,0.03717241065316427,-0.8489013424601071,0.07563140879244724,0.521789816554262
597,9.95,1036.5460205078123,657.8823852539062,-540.8793640136713,0.036029002105153835,-0.8485978452232827,0.07466319039558889,0.5225026469690467
598,9.966667,1040.5924072265625,656.8606567382812,-550.6874389648438,0.034885966046635894,-0.8482922568722351,0.0736935434059626,0.5232136064399285
599,9.983333,1044.4794311523435,656.0725402832031,-560.3057250976558,0.03366135658022167,-0.847932369661162,0.07262704879327783,0.5240256876695689
600,10.0,1048.366455078125,655.284423828125,-569.9240112304688,0.032437163715785255,-0.8475699722940851,0.07155884954685761,0.5248355013973515
601,10.016667,1052.1044921875002,654.6773681640625,-579.3366088867192,0.031368424949420624,-0.8471855465348453,0.07042079907479222,0.5256744075150661
602,10.033333,1055.842529296875,654.0703125,-588.7492065429688,0.030299356547141568,-0.8467987040048172,0.069281798082449,0.5265110980245852
603,10.05,1059.4394531250002,653.5703125,-598.0060119628912,0.02946511333443659,-0.8463746262996776,0.06808827554928673,0.527395284189188
604,10.066667,1063.036376953125,653.0703125,-607.2628173828125,0.028629451098697953,-0.8459480868243979,0.06689492958692084,0.5282776328063579
605,10.083333,1066.5003662109377,652.5452880859375,-616.4542541503911,0.02800717980414172,-0.8454265393820967,0.06561884544106449,0.5293049513378959
606,10.1,1069.96435546875,652.020263671875,-625.6456909179688,0.02738195880055858,-0.8449019041728296,0.06434435604355494,0.5303308443817986
607,10.116667,1073.2961425781252,651.3174133300781,-634.8349304199223,0.027006945054516705,-0.8442436900847916,0.06294755641611742,0.5315645039052892
608,10.133333,1076.6279296875,650.6145629882812,-644.024169921875,0.02662630932040368,-0.8435809918617522,0.06155484342247515,0.532797476601336
609,10.15,1079.798278808594,649.6481323242188,-653.212493896485,0.026650953746585583,-0.8428325797950943,0.06003711235678911,0.5341521452172607
610,10.166667,1082.9686279296875,648.6817016601562,-662.4008178710938,0.026665810953731793,-0.8420773839791653,0.05852770473013051,0.535508283498965
611,10.183333,1085.9231567382815,647.4812927246093,-671.5632324218755,0.027195415001045355,-0.8413594875394264,0.05694478851887526,0.536779203388931
612,10.2,1088.877685546875,646.2808837890625,-680.7256469726562,0.02771160663625789,-0.8406319072407769,0.05537425867573886,0.5380555313928882
613,10.216667,1091.5862426757812,644.9427185058594,-689.8356933593755,0.028594715428931376,-0.8400460446300756,0.053835071262807,0.5390795583705915
614,10.233333,1094.2947998046875,643.6045532226562,-698.9457397460938,0.02946470809667633,-0.8394489688121898,0.05230844689653783,0.5401121051413316
615,10.25,1096.7886352539062,642.2110595703125,-707.9613037109375,0.030297703945357805,-0.8390148458250841,0.05093300627580277,0.5408714879640624
616,10.266667,1099.282470703125,640.8175659179688,-716.9768676757812,0.03112154127146791,-0.8385717167395,0.049566396702422494,0.5416383460127191
617,10.283333,1101.6311035156248,639.4082336425782,-725.8466186523433,0.03148417547488107,-0.8382463820525915,0.04840145542339768,0.5422260126398443
618,10.3,1103.979736328125,637.9989013671875,-734.7163696289062,0.0318419049798804,-0.8379164621939371,0.04724109569595025,0.5428170726396643
619,10.316667,1106.241271972656,636.5669250488282,-743.3986511230464,0.0315502807982573,-0.8376443232852671,0.046233791556710306,0.5433405966498441
620,10.333333,1108.5028076171875,635.1349487304688,-752.0809326171875,0.03125658438362815,-0.8373704081022866,0.0452281264912415,0.5438641761886613
621,10.35,1110.705871582031,633.6167297363282,-760.5397033691402,0.030416472514585843,-0.8371181905428147,0.044307253079480774,0.5443756429035416
622,10.366667,1112.908935546875,632.0985107421875,-768.9984741210938,0.02957596642932311,-0.8368645843554748,0.04338621269683415,0.5448858286000241
623,10.383333,1115.0670776367185,630.3806152343751,-777.1946716308589,0.02843852809626134,-0.8366268371341284,0.04256140809561914,0.5453763031591865
624,10.4,1117.2252197265625,628.6627197265625,-785.390869140625,0.027301652407755603,-0.8363873098650857,0.041735450231200115,0.5458654045334346
625,10.416667,1119.3531494140623,626.6090087890626,-793.2856750488277,0.026097731992062407,-0.8361748796768737,0.0411076862581087,0.5462972058437983
626,10.433333,1121.4810791015625,624.5552978515625,-801.1804809570312,0.024894892469318163,-0.8359605028550783,0.04047836719440516,0.5467282540572604
627,10.45,1123.592590332031,622.0397033691407,-808.738403320312,0.023766181965606054,-0.8357996663974403,0.040155921655516874,0.5470480675413276
628,10.466667,1125.7041015625,619.5241088867188,-816.2963256835938,0.022638654652724757,-0.8356368647896197,0.03983202450715178,0.547368186272961
629,10.483333,1127.796936035156,616.4946289062501,-823.4807434082028,0.021657219951775147,-0.8355814317149851,0.03984618636022197,0.5474914768557064
630,10.5,1129.8897705078125,613.4651489257812,-830.6651611328125,0.020676270674601364,-0.8355239359338319,0.039859797955492236,0.5476161436805673
631,10.516667,1131.9338989257815,610.0293884277341,-837.4349060058597,0.019897043491103116,-0.8356415458423679,0.040165416837777995,0.5474431968823236
632,10.533333,1133.97802734375,606.5936279296875,-844.2046508789062,0.019116638405464837,-0.8357569717115444,0.04047225413499158,0.5472721763591275
633,10.55,1135.9295043945315,603.0307922363279,-850.517486572266,0.0186047356086142,-0.836064790943754,0.041033392104408144,0.5467776420900151
634,10.566667,1137.8809814453125,599.4679565429688,-856.830322265625,0.018089893266585007,-0.8363702776124271,0.041597430092182926,0.5462848783353254
635,10.583333,1139.7156982421877,596.1101989746091,-862.6584777832035,0.017868295141152787,-0.8367888600920936,0.04244675845262041,0.5455853740262729
636,10.6,1141.5504150390625,592.75244140625,-868.4866333007812,0.017642691011876134,-0.8372047023350709,0.04329979995609092,0.544887281156082
637,10.616667,1143.2835083007812,589.814971923828,-873.8403930664065,0.017616281391978916,-0.8376056770038827,0.04447657487664667,0.5441766540086296
638,10.633333,1145.0166015625,586.8775024414062,-879.1941528320312,0.017585285892262978,-0.8380030636576444,0.045657409321788904,0.5434675924050227
639,10.65,1146.6958618164062,584.3640747070311,-884.1197204589846,0.01758499575150563,-0.8383089726449579,0.047115381794712974,0.5428710483215267
640,10.666667,1148.3751220703125,581.8506469726562,-889.0452880859375,0.01757997434253494,-0.8386100358748216,0.048577501815380036,0.5422770311838064
641,10.683333,1150.0643920898438,579.5892028808593,-893.5934143066409,0.017494512608944936,-0.8388386465542751,0.050183180356849925,0.5417797665886382
642,10.7,1151.753662109375,577.3277587890625,-898.1415405273438,0.017404438143311187,-0.8390612411238337,0.05179292811124393,0.5412862567757569
643,10.716667,1153.4974365234377,575.0899658203124,-902.3385314941409,0.017221283294821022,-0.8392824131116935,0.0533721100004811,0.5407955956895254
644,10.733333,1155.2412109375,572.8521728515625,-906.5355224609375,0.01703340274206793,-0.8394973033664859,0.054955508854558986,0.5403092011783264
645,10.75,1157.0283813476562,570.4541015625,-910.3797912597656,0.016784289003681657,-0.8397574320701724,0.056321474854468076,0.53977183549697
646,10.766667,1158.8155517578125,568.0560302734375,-914.2240600585938,0.016530539652318214,-0.8400123275619306,0.057691632432171513,0.5392380794696364
647,10.783333,1160.580810546875,565.3973999023439,-917.7056579589841,0.01626977553958099,-0.8402994423120135,0.05868041737336966,0.5386917024336811
648,10.8,1162.3460693359375,562.73876953125,-921.187255859375,0.016005516150769446,-0.8405833565328417,0.05967240131052571,0.5381474228262777
649,10.816667,1164.0110473632812,559.8161926269532,-924.3080139160154,0.01581103681026779,-0.840843002867258,0.06018301111436768,0.537690487936475
650,10.833333,1165.676025390625,556.8936157226562,-927.4287719726562,0.015615032614950447,-0.8411015225546292,0.06069503039899949,0.537234132197111
651,10.85,1167.1800537109375,553.7983093261721,-930.2117309570311,0.015513950759832442,-0.8412640650168323,0.06070082899853922,0.5369818428979386
652,10.866667,1168.68408203125,550.7030029296875,-932.9946899414062,0.015412812502823137,-0.8414265117076415,0.06070668880080634,0.5367295115242918
653,10.883333,1169.9891357421873,547.5833435058596,-935.4891662597655,0.015277039988231397,-0.8414271878785082,0.06024078533545466,0.5367848240498526
654,10.9,1171.294189453125,544.4636840820312,-937.983642578125,0.01514116943351341,-0.8414275496531107,0.059774945077945514,0.5368401806998765
655,10.916667,1172.3740234375,541.4624328613284,-940.2596740722655,0.014705682690605406,-0.8412214140460743,0.058892356909801914,0.5372727107759475
656,10.933333,1173.453857421875,538.461181640625,-942.5357055664062,0.014269252828386318,-0.8410141227183145,0.05801032710519272,0.5377047849528699
657,10.95,1174.2749633789062,535.6623840332032,-944.6620178222655,0.013308144826410316,-0.840581333428522,0.05673642070317513,0.5385414503439819
658,10.966667,1175.0960693359375,532.8635864257812,-946.788330078125,0.012345925125435581,-0.8401458811870671,0.055462440247224375,0.5393759302926179
659,10.983333,1175.6038208007812,530.2750549316407,-948.8097229003905,0.010858978393317145,-0.8394845175015752,0.053780619413837,0.5406065782423156
660,11.0,1176.111572265625,527.6865234375,-950.8311157226562,0.009371351833687341,-0.8388179826691771,0.052097092900819535,0.5418325042177746
661,11.016667,1176.2464599609375,525.253448486328,-952.7640075683595,0.007604047865167634,-0.8379436427127025,0.05000840476698456,0.5434075722200534
662,11.033333,1176.38134765625,522.8203735351562,-954.6968994140625,0.00583525236137449,-0.8370612746572266,0.0479175849113225,0.54497548326082
663,11.05,1176.1137084960938,520.4429321289061,-956.5371398925782,0.004120485020210847,-0.836018844484624,0.045513172409227406,0.5467943529399698
664,11.066667,1175.8460693359375,518.0654907226562,-958.3773803710938,0.002400914844920916,-0.8349660038832248,0.04310918791070622,0.5486051456966706
665,11.083333,1175.2026977539062,515.5938110351561,-960.110321044922,0.00099126447257277,-0.8338296924228912,0.04058808604870211,0.550526719333036
666,11.1,1174.559326171875,513.1221313476562,-961.84326171875,-0.0004277143137161505,-0.832681578556101,0.03807200039682829,0.5524416064884772
667,11.116667,1173.638916015625,510.32885742187483,-963.4548950195314,-0.0014191174418313988,-0.8315339022746449,0.03571898760593791,0.5543225680034998
668,11.133333,1172.718505859375,507.53558349609375,-965.0665283203125,-0.0024225367090379758,-0.8303748260484372,0.03337449122693089,0.5561995351636538
669,11.15,1171.6900024414062,504.1322479248045,-966.5475463867189,-0.0030085834516120694,-0.8292889042208145,0.0315363628981722,0.5579214277808395
670,11.166667,1170.6614990234375,500.7289123535156,-968.028564453125,-0.0036048812348938347,-0.8281945333636591,0.029706228809705658,0.5596412777018317
671,11.183333,1169.7054443359375,496.48881530761696,-969.3694458007814,-0.0038880935589958405,-0.8272311601250298,0.028722517932954182,0.5611136314600322
672,11.2,1168.7493896484375,492.24871826171875,-970.7103271484375,-0.004175376792139477,-0.8262637809057378,0.02774188778911699,0.5625843210167649
673,11.216667,1167.9529418945312,487.1570739746091,-971.9052429199219,-0.004292875292780196,-0.8254566789986929,0.027769795981110647,0.5637656257252095
674,11.233333,1167.156494140625,482.0654296875,-973.1001586914062,-0.0044075337817074,-0.8246480067948232,0.027794766241851402,0.5649457403192355
675,11.25,1166.4736938476562,476.3448944091797,-974.1479797363281,-0.004460838414392144,-0.8239834682062757,0.028647619589925503,0.5658715922673881
676,11.266667,1165.7908935546875,470.6243591308594,-975.19580078125,-0.004507579370338951,-0.823316283905424,0.029494188088818037,0.5667980868469521
677,11.283333,1165.1263427734375,464.6139526367191,-976.0784912109375,-0.004522705995286837,-0.8227373195335728,0.030696220188896044,0.5675743037200564
678,11.3,1164.4617919921875,458.6035461425781,-976.961181640625,-0.004530861026641164,-0.8221544364374864,0.031891614755324996,0.5683524248675415
679,11.316667,1163.768798828125,452.59974670410185,-977.631378173828,-0.004503074919615942,-0.8215860844845272,0.03291642812391518,0.5691155742529059
680,11.333333,1163.0758056640625,446.595947265625,-978.3015747070312,-0.004469384065041528,-0.8210148617330892,0.03393562499851617,0.5698798073062736
681,11.35,1162.369140625,440.7522430419925,-978.7178649902344,-0.004433181720409387,-0.8203945945643409,0.03442969413069948,0.5707430702790101
682,11.366667,1161.6624755859375,434.9085388183594,-979.1341552734375,-0.004393045289110182,-0.8197730795608438,0.03491998599520674,0.571605977714118
683,11.383333,1160.9799194335938,429.216232299805,-979.3070983886719,-0.004406864187717875,-0.8190807876013577,0.034811482130044834,0.5726040548601453
684,11.4,1160.29736328125,423.52392578125,-979.4800415039062,-0.004419556003657483,-0.8183874143412793,0.034701750434601046,0.5736011646512761
685,11.416667,1159.6762084960938,417.84732055664097,-979.4673156738281,-0.00449459134581271,-0.8176497370456042,0.03417578524477119,0.57468314910113
686,11.433333,1159.0550537109375,412.17071533203125,-979.45458984375,-0.004570943255563382,-0.8169102197086768,0.03365078927636162,0.575764208504101
687,11.45,1158.5209350585938,406.31799316406284,-979.3155517578125,-0.0046707326616845166,-0.8161660288294474,0.03299454392705617,0.5768557512170769
688,11.466667,1157.98681640625,400.46527099609375,-979.176513671875,-0.004772708357411386,-0.8154196545189399,0.03234006182954712,0.5779464756186414
689,11.483333,1157.5339965820312,394.2821197509769,-978.9423828125,-0.004882641290705727,-0.8146902486785698,0.031752495668237776,0.5790058182271705
690,11.5,1157.0811767578125,388.0989685058594,-978.708251953125,-0.004994208661925197,-0.813958935538462,0.03116619211493161,0.5800642874768195
691,11.516667,1156.6693115234375,381.5453186035153,-978.3897705078125,-0.005136128802168633,-0.8132542479783839,0.030682046789598526,0.5810763808062086
692,11.533333,1156.2574462890625,374.9916687011719,-978.0712890625,-0.00527873360693872,-0.8125480422226515,0.030198273802376684,0.5820875177419628
693,11.55,1155.8402709960938,368.1596984863278,-977.6863403320312,-0.0054512174758165185,-0.8118805104299534,0.02973563822064155,0.5830404041159077
694,11.566667,1155.423095703125,361.3277282714844,-977.3013916015625,-0.005624103752585133,-0.8112116571596115,0.02927311553192048,0.5839923813307772
695,11.583333,1154.9810180664062,354.39257812499966,-976.8966064453125,-0.005769565750791478,-0.8105901197484937,0.028689758058633347,0.5848822682042147
696,11.6,1154.5389404296875,347.4574279785156,-976.4918212890625,-0.005916518177233284,-0.8099670793326917,0.02810758783021807,0.5857715328660946
697,11.616667,1154.0848388671875,340.60543823242153,-976.1330871582031,-0.005957089986022018,-0.8093914744307378,0.027255812224056646,0.5866064054353155
698,11.633333,1153.6307373046875,333.7534484863281,-975.7743530273438,-0.006001631072753296,-0.8088132794293659,0.02640765809138209,0.5874416524535095
699,11.65,1153.18115234375,327.14218139648403,-975.5138549804688,-0.005905595163059727,-0.8082793561540117,0.025224903774839956,0.5882289610267216
700,11.666667,1152.7315673828125,320.5309143066406,-975.2533569335938,-0.00581650935544944,-0.8077405121827038,0.02404869562841709,0.5890187547407238
701,11.683333,1152.275390625,314.2809143066403,-975.1071472167969,-0.0056361694527378514,-0.8072403000052509,0.022602305336201355,0.5897630604190308
702,11.7,1151.8192138671875,308.0309143066406,-974.9609375,-0.005464879868346245,-0.8067327079708873,0.02116452006322461,0.5905120964624492
703,11.716667,1151.3163452148438,302.2215576171872,-974.9119873046875,-0.005318140563839312,-0.8062430340159141,0.019593265371057104,0.5912359862473326
704,11.733333,1150.8134765625,296.4122009277344,-974.863037109375,-0.005181048369275342,-0.8057450865964711,0.0180311827758675,0.5919652765248515
705,11.75,1150.228271484375,291.0771026611328,-974.8799438476562,-0.0051850852443046155,-0.8052266059711266,0.01647529906848274,0.5927156084057796
706,11.766667,1149.64306640625,285.74200439453125,-974.8968505859375,-0.005198223762652755,-0.8047008660787122,0.0149280048451999,0.5934700070544642
707,11.783333,1148.9957885742188,280.8749694824221,-974.9586181640625,-0.005361727786737047,-0.8041455578600155,0.013526660610054581,0.5942543252698174
708,11.8,1148.3485107421875,276.0079345703125,-975.0203857421875,-0.005532780272134516,-0.803584944273087,0.012132356927637342,0.595040697427882
709,11.816667,1147.724853515625,271.5906982421877,-975.1255187988281,-0.005720964045045674,-0.8030525435242467,0.011020125387160011,0.5957788513753106
710,11.833333,1147.1011962890625,267.1734619140625,-975.2306518554688,-0.005914437385617972,-0.8025167895365415,0.009912802610173356,0.5965178608279769
711,11.85,1146.5780639648438,263.19998168945335,-975.3751831054688,-0.005993734402335512,-0.8020806293994752,0.0091576945619011,0.5971154626371409
712,11.866667,1146.054931640625,259.22650146484375,-975.5197143554688,-0.006076180886990648,-0.8016426524507821,0.008405543357524381,0.5977135473103884
713,11.883333,1145.6358032226562,255.68030548095723,-975.679931640625,-0.006056878704590588,-0.8013223691150949,0.007975299598594462,0.5981489526635002
714,11.9,1145.2166748046875,252.1341094970703,-975.8401489257812,-0.0060391009211336315,-0.8010012862853677,0.007546512324674072,0.598584596177503
715,11.916667,1144.8618774414062,248.9490051269533,-975.9891052246094,-0.006009590958748795,-0.8007828269676112,0.007352096382482588,0.5988795334030477
716,11.933333,1144.507080078125,245.76390075683594,-976.1380615234375,-0.005980574740531288,-0.800564123701106,0.0071581560083731,0.5991744965959526
717,11.95,1144.2041015625,242.84058380126967,-976.2564392089844,-0.005965184158878902,-0.8004494738180017,0.0070992119722886535,0.599328505605905
718,11.966667,1143.901123046875,239.91726684570312,-976.3748168945312,-0.005949870659362872,-0.8003347798964877,0.007040342526885131,0.5994825040852164
719,11.983333,1143.6940307617188,237.1902465820314,-976.4198913574219,-0.005871205738233219,-0.8003420474179639,0.006986046749633538,0.5994742123134349
720,12.0,1143.4869384765625,234.46322631835938,-976.4649658203125,-0.005792533365496938,-0.8003492706974913,0.00693174348541433,0.5994659643244611
721,12.016667,1143.455810546875,231.94960784912095,-976.3404541015625,-0.005525773214734806,-0.8004796893174491,0.006647491286592856,0.5992975418606471
722,12.033333,1143.4246826171875,229.4359893798828,-976.2159423828125,-0.005258219640452237,-0.8006093231909446,0.006362446573222182,0.5991298540546559
723,12.05,1143.6260375976562,227.2266387939452,-975.8151550292969,-0.004737368029032518,-0.8008235222742759,0.005552754072554043,0.5988559179290036
724,12.066667,1143.827392578125,225.0172882080078,-975.4143676757812,-0.004213490491797375,-0.8010332195011741,0.004740060297628768,0.5985863008638219
725,12.083333,1144.2222290039062,223.2290725708007,-974.7460632324219,-0.003552469193522994,-0.8012535618665008,0.0033480011402559104,0.5983050229166051
726,12.1,1144.6170654296875,221.44085693359375,-974.0777587890625,-0.002886760263077764,-0.801463209160287,0.0019513182345348725,0.5980339315915318
727,12.116667,1145.065185546875,220.17424774169913,-973.3375244140625,-0.0023426311664389975,-0.8016164090234191,0.0003786371963879922,0.5978340083145908
728,12.133333,1145.5133056640625,218.9076385498047,-972.5972900390625,-0.0017950492843450013,-0.8017581605549499,-0.0011974282996787607,0.5976447071187674
729,12.15,1145.8626708984375,218.19511413574216,-972.0448303222656,-0.001530049411214843,-0.8018264780583024,-0.0023717064898196275,0.597550276580761
730,12.166667,1146.2120361328125,217.4825897216797,-971.4923706054688,-0.0012639009979643146,-0.8018894107644002,-0.0035471004809249766,0.5974606209084984
731,12.183333,1146.390380859375,217.22555541992188,-971.2423400878906,-0.0012265186258601966,-0.8019034079731646,-0.004071402128061352,0.5974385689071273
732,12.2,1146.5687255859375,216.96852111816406,-970.9923095703125,-0.001189026199420413,-0.8019165479122135,-0.004595808800824226,0.5974172034204588
733,12.216667,1146.5993041992188,216.96559143066406,-970.9630432128906,-0.0012614320813348345,-0.8019022880282047,-0.004661862476093342,0.5974356838041134
734,12.233333,1146.6298828125,216.96266174316406,-970.9337768554688,-0.0013338374774398113,-0.8018880207545082,-0.004727917525539754,0.5974541571065288
735,12.25,1146.5834350585938,217.03280639648438,-970.9789123535156,-0.0014690581154729277,-0.8018476515068563,-0.004662465121366173,0.5975085330438255
736,12.266667,1146.5369873046875,217.1029510498047,-971.0240478515625,-0.0016041855478451715,-0.8018071781515365,-0.004597107302934347,0.59756300275188
737,12.283333,1146.4759521484375,217.1596221923828,-971.0574035644531,-0.0018086272189849891,-0.8017377389637144,-0.00458541925510873,0.5976556706994327
738,12.3,1146.4149169921875,217.21629333496094,-971.0907592773438,-0.0020129007203578014,-0.801668161084361,-0.0045739057983920275,0.5977484312986997
739,12.316667,1146.3715209960938,217.24610900878906,-971.0993957519531,-0.0022836529349223224,-0.8015791849952566,-0.00463709521101768,0.5978662830931487
740,12.333333,1146.328125,217.2759246826172,-971.1080322265625,-0.002554202800964188,-0.8014900456137636,-0.004700500959562644,0.5979841871829286
741,12.35,1146.3071899414062,217.29007720947266,-971.1076354980469,-0.0028455874561032876,-0.8014004660506937,-0.0047882845972236614,0.5981022220125725
742,12.366667,1146.2862548828125,217.30422973632812,-971.1072387695312,-0.003136773292353002,-0.8013107154018176,-0.004876282818399613,0.5982202937893484
743,12.383333,1146.2766723632812,217.31256103515625,-971.1072692871094,-0.0033757213756317626,-0.8012379431812978,-0.004940685774899381,0.5983159303711302
744,12.4,1146.26708984375,217.32089233398438,-971.1072998046875,-0.0036145302623186324,-0.801165051347272,-0.005005238084187467,0.5984116002071035
745,12.416667,1146.2545776367188,217.33016204833984,-971.1043090820312,-0.003752615536074854,-0.8011160339011083,-0.005032179822827082,0.5984761442776374
746,12.433333,1146.2420654296875,217.3394317626953,-971.101318359375,-0.003890640620218343,-0.8010669709388879,-0.005059185470341192,0.598540705072542
747,12.45,1146.214599609375,217.3559341430664,-971.0882263183594,-0.003939961864149391,-0.8010317911413979,-0.0050642516612880994,0.5985874202123063
748,12.466667,1146.1871337890625,217.3724365234375,-971.0751342773438,-0.003989265810559597,-0.8009966026953027,-0.0050693360272755965,0.5986341370663041
749,12.483333,1146.1380004882812,217.3980255126953,-971.0503540039062,-0.0040082973137120625,-0.8009568591815004,-0.005074786995014477,0.5986871385120162
750,12.5,1146.0888671875,217.42361450195312,-971.0255737304688,-0.004027323029532231,-0.8009171114765575,-0.0050802441749571905,0.5987401375658611
751,12.516667,1146.0336303710938,217.45015716552734,-971.0013122558594,-0.004040374982667458,-0.8008791598842491,-0.005088746297697709,0.5987907408220474
752,12.533333,1145.9783935546875,217.47669982910156,-970.97705078125,-0.004053425322912921,-0.8008412048679775,-0.005097250386976271,0.5988413415649008
753,12.55,1145.9652709960938,217.4872055053711,-970.9784851074219,-0.003982092079789439,-0.800858989075789,-0.005080586471112872,0.5988181779140332
754,12.566667,1145.9521484375,217.49771118164062,-970.9799194335938,-0.003910748114782286,-0.8008767624230954,-0.0050639339815884915,0.5987950183765005
755,12.583333,1146.0132446289062,217.48193359375,-971.0188293457031,-0.0036833501781605334,-0.8009880069173821,-0.004999481162567961,0.5986481862447174
756,12.6,1146.0743408203125,217.46615600585938,-971.0577392578125,-0.003455753421781682,-0.8010991277752041,-0.004935242094630239,0.5985013689471081
757,12.616667,1146.17626953125,217.43588256835938,-971.1114807128906,-0.003162103817752506,-0.8012531898093287,-0.0048510536468889314,0.598297412829386
758,12.633333,1146.2781982421875,217.40560913085938,-971.1652221679688,-0.0028681021621620706,-0.8014070394951479,-0.004767244274773783,0.5980934746506054
759,12.65,1146.360595703125,217.38146209716797,-971.2015075683594,-0.002667139899582707,-0.8015170271486347,-0.004713384911307762,0.5979474270855663
760,12.666667,1146.4429931640625,217.35731506347656,-971.23779296875,-0.002466001771158987,-0.8016269112149736,-0.004659714546721964,0.5978013893523069
761,12.683333,1146.4852294921875,217.34547424316406,-971.2470092773438,-0.002400675756272449,-0.8016657431727243,-0.004650190991409184,0.5977496538710668
762,12.7,1146.5274658203125,217.33363342285156,-971.2562255859375,-0.002335326003617894,-0.8017045620868749,-0.00464069254368176,0.5976979214906671
763,12.716667,1146.545654296875,217.32957458496094,-971.2481689453125,-0.0023361055619700363,-0.8017036453465741,-0.004653360640875956,0.5976990495923211
764,12.733333,1146.5638427734375,217.3255157470703,-971.2401123046875,-0.002336885238123056,-0.801702728193767,-0.004666028624962051,0.5977001779746479
765,12.75,1146.56884765625,217.33124542236328,-971.2271423339844,-0.00233736902894032,-0.8016935056236546,-0.004677033943154157,0.5977124602184334
766,12.766667,1146.5738525390625,217.33697509765625,-971.2141723632812,-0.0023378539762625235,-0.8016842825480548,-0.004688038153843263,0.5977247425466544
767,12.783333,1146.5518798828125,217.36193084716797,-971.2037048339844,-0.002346893491304013,-0.8016621973175958,-0.004693531204789175,0.5977542841734338
768,12.8,1146.5299072265625,217.3868865966797,-971.1932373046875,-0.0023559323332943225,-0.8016401108890964,-0.004699025074387087,0.59778382494001
769,12.816667,1146.45654296875,217.43523406982422,-971.1789855957031,-0.0024522818505991594,-0.801569032579335,-0.0047191897527585625,0.5978785843059037
770,12.833333,1146.3831787109375,217.48358154296875,-971.1647338867188,-0.002548572702417971,-0.801497923830778,-0.004739416981120076,0.5979733445554342
771,12.85,1146.2550048828125,217.54397583007812,-971.1294860839844,-0.0027912888395789977,-0.8013547281349066,-0.0047963933978235835,0.5981636924896204
772,12.866667,1146.1268310546875,217.6043701171875,-971.09423828125,-0.003033715205395192,-0.8012113697192648,-0.00485367964360859,0.598354058562779
773,12.883333,1145.9848022460938,217.65377807617188,-971.0387573242188,-0.0033594341802914585,-0.8010345697644434,-0.004935338782115736,0.5985883181915489
774,12.9,1145.8427734375,217.70318603515625,-970.9832763671875,-0.0036846805615632634,-0.800857494241105,-0.0050175038443305295,0.5988226128848093
775,12.916667,1145.7440185546875,217.72742462158203,-970.9343872070312,-0.003947359496826261,-0.800723410841737,-0.005086425650050803,0.5989996376936166
776,12.933333,1145.645263671875,217.7516632080078,-970.885498046875,-0.0042097523829356135,-0.8005891555434109,-0.00515565385515318,0.5991766861656824
777,12.95,1145.6082153320312,217.75820922851562,-970.8640441894531,-0.004332322927289042,-0.8005328877049107,-0.0051938476070773395,0.599250657594904
778,12.966667,1145.5711669921875,217.76475524902344,-970.8425903320312,-0.004454841245252375,-0.8004765860025154,-0.005232097687700686,0.5993246322361726
779,12.983333,1145.5721435546875,217.76697540283203,-970.8458557128906,-0.004465841344423088,-0.800476795714266,-0.005245569581820664,0.5993241525117022
780,13.0,1145.5731201171875,217.76919555664062,-970.84912109375,-0.004476841431831292,-0.8004770051967145,-0.005259041481220328,0.5993236725883535
781,13.016667,1145.5913696289062,217.7667999267578,-970.8666687011719,-0.004413860575718968,-0.8005099140339518,-0.0052485451127245045,0.5992802751153863
782,13.033333,1145.609619140625,217.764404296875,-970.8842163085938,-0.004350860454401384,-0.8005428117015432,-0.005238069107538078,0.5992368807728029
783,13.05,1145.6478881835938,217.7472381591797,-970.9128723144531,-0.004206365050979134,-0.8006117536035328,-0.005194583208336249,0.5991461781487267
784,13.066667,1145.6861572265625,217.73007202148438,-970.9415283203125,-0.004061793008521108,-0.8006806470485253,-0.005151179840117031,0.5990554804237795
785,13.083333,1145.755126953125,217.69320678710938,-970.9821166992188,-0.003824232623979702,-0.8007956624244087,-0.005073417095568315,0.5989039511691876
786,13.1,1145.8240966796875,217.65634155273438,-971.022705078125,-0.0035864711643331768,-0.8009105496463522,-0.004995872017984345,0.5987524279303972
787,13.116667,1145.9205322265625,217.60662078857422,-971.0695190429688,-0.0032960295565447268,-0.8010577038567062,-0.00490038750835701,0.5985579984289341
788,13.133333,1146.0169677734375,217.55690002441406,-971.1163330078125,-0.0030052756578068497,-0.801204662606682,-0.004805241522653312,0.5983635739159281
789,13.15,1146.1194458007812,217.50969696044922,-971.1575012207031,-0.002744232367216668,-0.8013460145656706,-0.004721172142751997,0.5981761819581497
790,13.166667,1146.221923828125,217.46249389648438,-971.1986694335938,-0.0024829182480973536,-0.8014872020249365,-0.004637396357550482,0.597988791418564
791,13.183333,1146.302734375,217.4345703125,-971.2277526855469,-0.0023122307769536596,-0.801586415633885,-0.0045915554733434415,0.5978568302515158
792,13.2,1146.383544921875,217.40664672851562,-971.2568359375,-0.0021414091348423182,-0.8016855520424853,-0.004545858871344561,0.5977248741522931
793,13.216667,1146.42236328125,217.40821838378906,-971.2770690917969,-0.0020658603207180048,-0.8017278995276617,-0.004550899438535748,0.5976682998573699
794,13.233333,1146.461181640625,217.4097900390625,-971.2973022460938,-0.0019902735426644037,-0.801770225227292,-0.004555979385466214,0.5976117366669116
795,13.25,1146.455322265625,217.43763732910156,-971.313232421875,-0.0019822941310104277,-0.8017632510474582,-0.004603835273655101,0.5976207530537755
796,13.266667,1146.449462890625,217.46548461914062,-971.3291625976562,-0.0019743190719547997,-0.8017562685693513,-0.004651686930126416,0.5976297764357599
797,13.283333,1146.4152221679688,217.50257110595703,-971.3387145996094,-0.0020086453748667525,-0.8017191019429928,-0.00471408834680348,0.5976790311651711
798,13.3,1146.3809814453125,217.53965759277344,-971.3482666015625,-0.002042984862651708,-0.8016819270161016,-0.0047764782545001135,0.5977282822186727
799,13.316667,1146.3397827148438,217.5662078857422,-971.3468017578125,-0.002100943906733316,-0.801634164683289,-0.004820675654197949,0.5977917807510099
800,13.333333,1146.298583984375,217.59275817871094,-971.3453369140625,-0.0021588974019068445,-0.8015863930801632,-0.0048648808902198365,0.5978552722228566
801,13.35,1146.2666015625,217.5998306274414,-971.3344116210938,-0.002215961196045691,-0.8015460624926198,-0.004875339254533966,0.5979090485062993
802,13.366667,1146.234619140625,217.60690307617188,-971.323486328125,-0.0022730046123657626,-0.801505721280211,-0.004885819276345496,0.5979628257468184
803,13.383333,1146.2185668945312,217.60125732421875,-971.3088989257812,-0.002315924591387626,-0.8014824951876518,-0.0048742607240863526,0.5979938862425406
804,13.4,1146.2025146484375,217.59561157226562,-971.2943115234375,-0.0023588303071150154,-0.8014592602194357,-0.004862716778234851,0.5980249527516657
805,13.416667,1146.1929931640625,217.59410095214844,-971.2772827148438,-0.002410600196435609,-0.8014400615130082,-0.004858960605180879,0.5980505056519525
806,13.433333,1146.1834716796875,217.59259033203125,-971.26025390625,-0.0024623581194322063,-0.8014208535633053,-0.004855216834919886,0.5980760646739182
807,13.45,1146.1682739257812,217.6051254272461,-971.2415771484375,-0.0025393005760054248,-0.8013899738899809,-0.004876701683045037,0.5981169446537148
808,13.466667,1146.153076171875,217.61766052246094,-971.222900390625,-0.002616224383224488,-0.8013590810526632,-0.004898206602425353,0.5981578271296695
809,13.483333,1146.1360473632812,217.6365966796875,-971.2101440429688,-0.0026854341664169935,-0.8013276840420104,-0.004930821606587552,0.5981993131302389
810,13.5,1146.1190185546875,217.65553283691406,-971.1973876953125,-0.002754631825117279,-0.8012962778373783,-0.004963450221068519,0.5982407970787132
811,13.516667,1146.1098022460938,217.66920471191406,-971.1955871582031,-0.0027829677827943735,-0.8012811741446929,-0.0049856199467349935,0.598260711266726
812,13.533333,1146.1005859375,217.68287658691406,-971.1937866210938,-0.002811302918570994,-0.8012660689439512,-0.005007790846431341,0.5982806242607606
813,13.55,1146.098388671875,217.68961334228516,-971.1984252929688,-0.0028076658029867396,-0.8012655539275546,-0.005015973160267745,0.5982812625472765
814,13.566667,1146.09619140625,217.69635009765625,-971.2030639648438,-0.0028040287513296765,-0.8012650385592391,-0.005024155411055722,0.5982819011701995
815,13.583333,1146.0948486328125,217.70084381103516,-971.2083435058594,-0.002789689620396394,-0.8012697130229862,-0.005027456411798041,0.5982756800221035
816,13.6,1146.093505859375,217.70533752441406,-971.213623046875,-0.0027753495531370608,-0.8012743866264002,-0.005030758373239885,0.5982694595594312
817,13.616667,1146.0899047851562,217.71041107177734,-971.2179870605469,-0.0027584660495504855,-0.8012801890119198,-0.005036254734412394,0.5982617200693403
818,13.633333,1146.0863037109375,217.71548461914062,-971.2223510742188,-0.002741581065608699,-0.8012859900396792,-0.005041752607191119,0.5982539817084712
819,13.65,1146.0813598632812,217.71941375732422,-971.2252197265625,-0.002726597431041482,-0.8012916611456047,-0.005046632467936367,0.5982464132326245
820,13.666667,1146.076416015625,217.7233428955078,-971.2280883789062,-0.0027116125140170576,-0.8012973311692229,-0.005051513638191229,0.5982388456366051
821,13.683333,1146.0736083984375,217.7226333618164,-971.2267456054688,-0.0027083400307493714,-0.8013001078723774,-0.005047061773214715,0.5982351788263972
822,13.7,1146.07080078125,217.721923828125,-971.2254028320312,-0.0027050675921816048,-0.8013028845338934,-0.005042609873429756,0.5982315119856592
823,13.716667,1146.07373046875,217.71471405029297,-971.2166137695312,-0.002717417555844037,-0.8013000129243149,-0.005023857748248941,0.5982354601514738
824,13.733333,1146.07666015625,217.70750427246094,-971.2078247070312,-0.0027297664455445346,-0.80129713889736,-0.00500510668713093,0.5982394106685954
825,13.75,1146.0857543945312,217.69491577148438,-971.1922607421875,-0.0027474636225394045,-0.8012892461600566,-0.004975754801541792,0.598250146089448
826,13.766667,1146.0948486328125,217.6823272705078,-971.1766967773438,-0.0027651564181288045,-0.8012813477741433,-0.004946407249044898,0.5982608867998662
827,13.783333,1146.1050415039062,217.67129516601562,-971.1624145507812,-0.0027774569835735375,-0.8012731123419375,-0.0049219248015545496,0.5982720617134122
828,13.8,1146.115234375,217.66026306152344,-971.1481323242188,-0.002789753990992836,-0.8012648733646037,-0.0048974458598986855,0.59828323978591
829,13.816667,1146.1190795898438,217.65996551513672,-971.1462707519531,-0.0027956337063775433,-0.8012616309538604,-0.0048962077855219995,0.5982875649239755
830,13.833333,1146.1229248046875,217.65966796875,-971.1444091796875,-0.002801513161622824,-0.8012583883867609,-0.004894969978312042,0.5982918901612884
831,13.85,1146.11865234375,217.66934204101562,-971.1553649902344,-0.0028030374634616336,-0.801260957638181,-0.004915543868462305,0.5982882734720787
832,13.866667,1146.1143798828125,217.67901611328125,-971.1663208007812,-0.0028045611619413172,-0.8012635258045009,-0.004936118330645712,0.5982846574899398
833,13.883333,1146.1099243164062,217.68614959716797,-971.1765747070312,-0.0028059658804921402,-0.801267489407131,-0.004956375064199141,0.5982791750687078
834,13.9,1146.10546875,217.6932830810547,-971.1868286132812,-0.002807369694665997,-0.8012714519286089,-0.004976632656583793,0.5982736933269069
835,13.916667,1146.1104736328125,217.68553924560547,-971.1843872070312,-0.0028192605487827125,-0.8012733121060883,-0.004979400738205428,0.5982711230243238
836,13.933333,1146.115478515625,217.67779541015625,-971.1819458007812,-0.0028311515937602173,-0.8012751719941295,-0.004982168614866391,0.5982685528442261
837,13.95,1146.1317138671875,217.65290069580078,-971.167724609375,-0.002861655658797312,-0.8012735548878887,-0.004967146104244966,0.5982706984499535
838,13.966667,1146.14794921875,217.6280059814453,-971.1535034179688,-0.0028921588331276915,-0.8012719325838487,-0.0049521244969036975,0.598272849069382
839,13.983333,1146.1683349609375,217.59522247314453,-971.1369323730469,-0.0029329907719810857,-0.8012676730707811,-0.0049300365190167806,0.5982785374696207
840,14.0,1146.188720703125,217.56243896484375,-971.120361328125,-0.002973819553598068,-0.8012634036359048,-0.004907951737578212,0.5982842354607125
841,14.016667,1146.20361328125,217.53680419921875,-971.1083679199219,-0.003005383013239489,-0.8012585865927873,-0.004891632134489755,0.59829066265431
842,14.033333,1146.218505859375,217.51116943359375,-971.0963745117188,-0.003036943790579302,-0.8012537637632233,-0.004875315249137838,0.5982970953706052
843,14.05,1146.222900390625,217.5024642944336,-971.0897521972656,-0.0030476244905728606,-0.8012513301565626,-0.004870108053353345,0.5983003425996446
844,14.066667,1146.227294921875,217.49375915527344,-971.0831298828125,-0.0030583047449126745,-0.8012488959034794,-0.004864901309564649,0.5983035904294665
845,14.083333,1146.2230834960938,217.4993667602539,-971.07958984375,-0.0030529592850996857,-0.8012508696409311,-0.004866188760811601,0.5983009640191123
846,14.1,1146.2188720703125,217.50497436523438,-971.0760498046875,-0.0030476136768197324,-0.8012528432552298,-0.004867476364285581,0.5982983377046356
847,14.116667,1146.2117919921875,217.51367950439453,-971.0722045898438,-0.003042284669653385,-0.8012595978041047,-0.004868666953695228,0.5982893092082519
848,14.133333,1146.2047119140625,217.5223846435547,-971.068359375,-0.003036955172015669,-0.8012663521395404,-0.004869858046037846,0.5982802807337783
849,14.15,1146.1985473632812,217.52454376220703,-971.06005859375,-0.0030477433087345734,-0.8012776101510332,-0.00486895987381882,0.5982651552289506
850,14.166667,1146.1923828125,217.52670288085938,-971.0517578125,-0.0030585329636124187,-0.8012888675088122,-0.0048680601262643675,0.5982500298145942
851,14.183333,1146.1888427734375,217.52165985107422,-971.0397644042969,-0.0030858046429553788,-0.8013015083222507,-0.004866608317968065,0.5982329702496101
852,14.2,1146.185302734375,217.51661682128906,-971.0277709960938,-0.0031130804616623536,-0.8013141465109679,-0.004865152206284252,0.5982159122135149
853,14.216667,1146.1845703125,217.51044464111328,-971.0182495117188,-0.003140415445366714,-0.8013232910310281,-0.004864538926524301,0.5982035249838178
854,14.233333,1146.183837890625,217.5042724609375,-971.0087280273438,-0.0031677533331694427,-0.8013324331874253,-0.004863922619809227,0.5981911392836652
855,14.25,1146.1854858398438,217.50143432617188,-971.0048828125,-0.003181627423273068,-0.801336016202014,-0.004863852342068303,0.5981862664127449
856,14.266667,1146.1871337890625,217.49859619140625,-971.0010375976562,-0.0031955020802075947,-0.8013395986414699,-0.004863781472535338,0.5981813939311142
857,14.283333,1146.1897583007812,217.4985809326172,-970.9992980957031,-0.0031963623274105396,-0.8013396391468639,-0.004863835463877318,0.5981813346339271
858,14.3,1146.1923828125,217.49856567382812,-970.99755859375,-0.0031972225749862023,-0.8013396796503559,-0.004863889454825427,0.5981812753380383
859,14.316667,1146.1947021484375,217.49832153320312,-970.9925537109375,-0.0031918651334535797,-0.8013392292096915,-0.00486471038479729,0.5981819006953148
860,14.333333,1146.197021484375,217.49807739257812,-970.987548828125,-0.003186507723383115,-0.8013387786672982,-0.004865531282253218,0.5981825261388642
861,14.35,1146.1986083984375,217.4948501586914,-970.9781799316406,-0.0031793906701021164,-0.8013388520733881,-0.004867972732617824,0.5981824458090912
862,14.366667,1146.2001953125,217.4916229248047,-970.9688110351562,-0.0031722736077996034,-0.8013389252467811,-0.004870414192139842,0.5981823656963551
863,14.383333,1146.2009887695312,217.48548126220703,-970.9601745605469,-0.0031666561890621977,-0.8013390506749056,-0.004874163174947509,0.5981821968977056
864,14.4,1146.2017822265625,217.47933959960938,-970.9515380859375,-0.0031610387550254416,-0.8013391758858097,-0.004877912173184074,0.5981820283136825
865,14.416667,1146.2015991210938,217.47303771972656,-970.9493408203125,-0.0031603485692675744,-0.8013389564900826,-0.004880632024400515,0.598182303682873
866,14.433333,1146.201416015625,217.46673583984375,-970.9471435546875,-0.0031596583916708916,-0.8013387370641757,-0.004883351867634098,0.5981825790791442
867,14.45,1146.2005615234375,217.462646484375,-970.950439453125,-0.0031632774371316576,-0.8013386483906659,-0.0048825129104653415,0.5981826855894073
868,14.466667,1146.19970703125,217.45855712890625,-970.9537353515625,-0.0031668964779478343,-0.8013385596654599,-0.004881673958043543,0.5981827921458052
869,14.483333,1146.1990356445312,217.45762634277344,-970.9583435058594,-0.0031708690804161757,-0.8013389666432343,-0.004878386172043437,0.5981822527263616
870,14.5,1146.1983642578125,217.45669555664062,-970.9629516601562,-0.003174841715579067,-0.8013393734907841,-0.004875098353217738,0.5981817134362475
871,14.516667,1146.1976318359375,217.46018981933594,-970.9673767089844,-0.003175719192686126,-0.801339908586872,-0.0048756273343253725,0.5981809876380975
872,14.533333,1146.1968994140625,217.46368408203125,-970.9718017578125,-0.0031765966718285046,-0.8013404436813069,-0.004876156313015746,0.598180261839056
873,14.55,1146.1937255859375,217.47431182861328,-970.9773254394531,-0.003169934812169251,-0.8013418065546242,-0.004887735421638592,0.5981783769274059
874,14.566667,1146.1905517578125,217.4849395751953,-970.9828491210938,-0.003163272652730499,-0.8013431685956661,-0.004899314826422345,0.5981764928224894
875,14.583333,1146.1832885742188,217.5041961669922,-970.9887390136719,-0.0031441559581210886,-0.8013448036600166,-0.004922826804100775,0.5981742101651136
876,14.6,1146.176025390625,217.52345275878906,-970.99462890625,-0.00312503840204199,-0.8013464342376586,-0.004946339639181903,0.598171931967515
877,14.616667,1146.1668090820312,217.54750061035156,-970.9969177246094,-0.003095814238396877,-0.8013465411562045,-0.004973613357431145,0.5981717145447111
878,14.633333,1146.1575927734375,217.57154846191406,-970.9992065429688,-0.003066589914335688,-0.8013466402177291,-0.005000887236417133,0.5981715049757081
879,14.65,1146.1508178710938,217.59234619140625,-970.9942626953125,-0.0030406601023990633,-0.8013445682253191,-0.0050203604517165806,0.5981742499831076
880,14.666667,1146.14404296875,217.61314392089844,-970.9893188476562,-0.003014731316478468,-0.801342491137234,-0.0050398326348796785,0.5981770000426913
881,14.683333,1146.1416015625,217.62420654296875,-970.9786376953125,-0.003005815136717042,-0.8013387655177248,-0.005045217004954626,0.5981819904838875
882,14.7,1146.13916015625,217.63526916503906,-970.9679565429688,-0.0029968995657969765,-0.8013350393604352,-0.005050600759541067,0.5981869814014429
883,14.716667,1146.1389770507812,217.63550567626953,-970.9572143554688,-0.0030059504637161612,-0.8013318842781894,-0.005044083547693187,0.5981912175234104
884,14.733333,1146.1387939453125,217.6357421875,-970.9464721679688,-0.0030150007938762845,-0.8013287285738552,-0.005037566907300893,0.5981954542221767
885,14.75,1146.137939453125,217.6292266845703,-970.9415588378906,-0.0030314154213828813,-0.8013273200920397,-0.0050259255124498374,0.5981973559515253
886,14.766667,1146.1370849609375,217.62271118164062,-970.9366455078125,-0.0030478295747342725,-0.8013259096593593,-0.005014284595157005,0.5981992596062641
887,14.783333,1146.1347045898438,217.615234375,-970.9386901855469,-0.003060181138919029,-0.8013260539785176,-0.005003803722142119,0.5981990909847029
888,14.8,1146.13232421875,217.60775756835938,-970.9407348632812,-0.0030725327258320236,-0.8013261970131825,-0.004993322826348391,0.5981989236451289
889,14.816667,1146.1300048828125,217.6031494140625,-970.9454650878906,-0.0030765949505388345,-0.8013270282463988,-0.004987122789251589,0.598197840995427
890,14.833333,1146.127685546875,217.59854125976562,-970.9501953125,-0.0030806572700270768,-0.8013278592173987,-0.0049809226581461075,0.5981967586023174
891,14.85,1146.126708984375,217.59856414794922,-970.9530334472656,-0.003080567492054292,-0.8013287904938974,-0.0049788902768165486,0.598195528469685
892,14.866667,1146.125732421875,217.5985870361328,-970.9558715820312,-0.003080477735330927,-0.8013297217576201,-0.004976857875142752,0.5981942983433294
893,14.883333,1146.1263427734375,217.6040267944336,-970.9552001953125,-0.0030830497069317953,-0.8013302092404385,-0.004978843509460592,0.5981936155464116
894,14.9,1146.126953125,217.60946655273438,-970.9545288085938,-0.0030856216813694498,-0.8013306967144348,-0.0049808291397491775,0.5981929327425044
895,14.916667,1146.12939453125,217.61965942382812,-970.9504699707031,-0.0030943587678183954,-0.8013306997652505,-0.004987760501773165,0.5981928257700243
896,14.933333,1146.1318359375,217.62985229492188,-970.9464111328125,-0.0031030958545129298,-0.8013307027203285,-0.004994691862235661,0.5981927187178588
897,14.95,1146.1362915039062,217.64130401611328,-970.9397277832031,-0.003117013978540668,-0.8013300770264289,-0.005004306462150732,0.5981934041708483
898,14.966667,1146.1407470703125,217.6527557373047,-970.9330444335938,-0.003130932076597006,-0.8013294510883484,-0.005013921092328524,0.5981940894710159
899,14.983333,1146.1456909179688,217.66068267822266,-970.9252624511719,-0.0031466620534309313,-0.8013283167600638,-0.005020022578259511,0.5981954752835548
900,15.0,1146.150634765625,217.66860961914062,-970.91748046875,-0.003162391913907873,-0.8013271820305297,-0.005026124190345675,0.5981968611519259
901,15.016667,1146.1549682617188,217.67083740234375,-970.9100036621094,-0.003177264553047264,-0.8013264416500885,-0.005024534281510499,0.5981977874897407
902,15.033333,1146.1593017578125,217.67306518554688,-970.9025268554688,-0.00319213705326392,-0.8013257005381733,-0.005022944515851023,0.5981987144306057
903,15.05,1146.16357421875,217.67008209228516,-970.8975219726562,-0.003201987492575038,-0.8013245040073979,-0.005017175433400113,0.5982003130257169
904,15.066667,1146.1678466796875,217.66709899902344,-970.8925170898438,-0.0032118377131129163,-0.8013233068666227,-0.005011406572099653,0.5982019122127699
905,15.083333,1146.173583984375,217.65936279296875,-970.8969421386719,-0.0032028676896462484,-0.8013177779567926,-0.005013956379640572,0.5982093451379493
906,15.1,1146.1793212890625,217.65162658691406,-970.9013671875,-0.0031938983967297187,-0.8013122486379766,-0.005016505438613037,0.5982167783245178
907,15.116667,1146.1863403320312,217.6405029296875,-970.9248962402344,-0.00314657126061444,-0.8012979481425876,-0.005040744714615304,0.5982359804328912
908,15.133333,1146.193359375,217.62937927246094,-970.9484252929688,-0.0030992557849513496,-0.8012836344084731,-0.005064972165990458,0.5982551946282503
909,15.15,1146.1985473632812,217.62026977539062,-970.9916381835938,-0.0030148554860061345,-0.801261091896012,-0.005110125003326284,0.5982854334533474
910,15.166667,1146.2037353515625,217.6111602783203,-971.0348510742188,-0.0029304883848566866,-0.801238506426148,-0.005155244206225702,0.5983157122414522
911,15.183333,1146.2018432617188,217.6113052368164,-971.0848999023438,-0.0028449352664170003,-0.8012181328507076,-0.005206356614318357,0.5983429650170213
912,15.2,1146.199951171875,217.6114501953125,-971.1349487304688,-0.002759413670958014,-0.8011977119731581,-0.0052574371566987115,0.5983702627301195
913,15.216667,1146.1878051757812,217.62288665771484,-971.1773071289062,-0.0027111999484757386,-0.8011913072247029,-0.005301595326595881,0.5983786691631012
914,15.233333,1146.1756591796875,217.6343231201172,-971.2196655273438,-0.002662992717977894,-0.8011848813615932,-0.005345746992181355,0.5983870965658344
915,15.25,1146.1575317382812,217.6508560180664,-971.2469482421875,-0.0026571436238169758,-0.8011930668883324,-0.005377129823045081,0.5983758815599912
916,15.266667,1146.139404296875,217.66738891601562,-971.2742309570312,-0.002651290894334058,-0.8012012486023832,-0.0054085161796603295,0.5983646696182104
917,15.283333,1146.1239624023438,217.67979431152344,-971.2857360839844,-0.0026660068102753232,-0.8012141332378162,-0.005425198708792985,0.5983472004836594
918,15.3,1146.1085205078125,217.69219970703125,-971.2972412109375,-0.0026807223914969433,-0.8012270171344845,-0.005441881367013954,0.5983297307241414
919,15.316667,1146.1005249023438,217.69603729248047,-971.2981872558594,-0.0026946426697626283,-0.8012362996479074,-0.005447486787716014,0.5983171867121223
920,15.333333,1146.092529296875,217.6998748779297,-971.2991333007812,-0.0027085638262847765,-0.801245581662128,-0.005453091238691515,0.5983046425900933
921,15.35,1146.0897827148438,217.69742584228516,-971.2971801757812,-0.0027137826809093585,-0.8012496435082163,-0.005453278688076168,0.5982991775968501
922,15.366667,1146.0870361328125,217.69497680664062,-971.2952270507812,-0.0027190017713422335,-0.8012537052449383,-0.005453465890545012,0.5982937126281754
923,15.383333,1146.0859985351562,217.69131469726562,-971.2948913574219,-0.002717991533279093,-0.801254486913266,-0.0054505031748928725,0.5982926973802405
924,15.4,1146.0849609375,217.68765258789062,-971.2945556640625,-0.002716981313275066,-0.8012552685652826,-0.005447540442560009,0.5982916821350994
925,15.416667,1146.0842895507812,217.68617248535156,-971.2965393066406,-0.0027153156013917127,-0.8012543578436628,-0.005442172918960277,0.5982929582166621
926,15.433333,1146.0836181640625,217.6846923828125,-971.2985229492188,-0.0027136498477602394,-0.8012534470685692,-0.005436805433621031,0.5982942343127805
927,15.45,1146.0835571289062,217.68595123291016,-971.3025207519531,-0.0027153729922419116,-0.8012519423367571,-0.005430317173789889,0.5982963005956822
928,15.466667,1146.08349609375,217.6872100830078,-971.3065185546875,-0.00271709598902551,-0.8012504374251903,-0.0054238290578687365,0.5982983670324354
929,15.483333,1146.0838012695312,217.6907730102539,-971.3125610351562,-0.0027222916565776602,-0.8012488254075493,-0.005417381704281637,0.598300560660467
930,15.5,1146.0841064453125,217.6943359375,-971.318603515625,-0.0027274871018382733,-0.8012472130489763,-0.005410934571884354,0.5983027546171057
931,15.516667,1146.0840454101562,217.69981384277344,-971.3251953125,-0.002732427236517131,-0.8012459032982612,-0.005406049198260752,0.5983045302529614
932,15.533333,1146.083984375,217.70529174804688,-971.331787109375,-0.0027373672193465146,-0.8012445933054758,-0.005401163976478348,0.5983063061235008
933,15.55,1146.0838012695312,217.71138763427734,-971.3351440429688,-0.002738570588970228,-0.8012441360973476,-0.005399425032483955,0.5983069285994129
934,15.566667,1146.0836181640625,217.7174835205078,-971.3385009765625,-0.002739773942676369,-0.8012436788672764,-0.005397686104276425,0.5983075510961696
935,15.583333,1146.085205078125,217.72186279296875,-971.3359680175781,-0.002738066388709409,-0.8012437951209831,-0.005399478556302206,0.5983073870544264
936,15.6,1146.0867919921875,217.7262420654297,-971.3334350585938,-0.0027363588295167673,-0.8012439113444615,-0.0054012710135474375,0.5983072230428302
937,15.616667,1146.0922241210938,217.72613525390625,-971.326171875,-0.002735666971854727,-0.8012429920069445,-0.0054055271262573494,0.5983084189299577
938,15.633333,1146.09765625,217.7260284423828,-971.3189086914062,-0.0027349751659705287,-0.801242072602852,-0.005409783188632572,0.598309614871581
939,15.65,1146.107177734375,217.71903228759766,-971.3117370605469,-0.0027391734892304974,-0.8012402255950024,-0.005412925380875454,0.5983120407077622
940,15.666667,1146.11669921875,217.7120361328125,-971.3045654296875,-0.002743371794530278,-0.8012383785576468,-0.005416067597294626,0.5983144665218213
941,15.683333,1146.128173828125,217.69863891601562,-971.3021240234375,-0.00275464860235878,-0.8012373486389524,-0.005413486441535616,0.5983158172918769
942,15.7,1146.1396484375,217.68524169921875,-971.2996826171875,-0.0027659252439394813,-0.8012363182173772,-0.005410905456297827,0.5983171685060942
943,15.716667,1146.150146484375,217.6710433959961,-971.3014221191406,-0.002783600565611268,-0.8012364605617786,-0.005402467966082903,0.5983169721595736
944,15.733333,1146.16064453125,217.65684509277344,-971.3031616210938,-0.0028012759087889605,-0.8012366011955185,-0.005394030454005428,0.5983167774627396
945,15.75,1146.1688232421875,217.64937591552734,-971.3040161132812,-0.0028199657620091067,-0.801235363421039,-0.005386207098518713,0.5983184177089557
946,15.766667,1146.177001953125,217.64190673828125,-971.3048706054688,-0.002838655221060396,-0.8012341238680897,-0.005378384143899519,0.5983200596418871
947,15.783333,1146.1825561523438,217.64380645751953,-971.3029174804688,-0.002849162301716261,-0.8012289963438652,-0.005378717086854095,0.5983268731174294
948,15.8,1146.1881103515625,217.6457061767578,-971.3009643554688,-0.0028596688024816867,-0.8012238684631029,-0.005379050635670424,0.5983336867615089
949,15.816667,1146.191162109375,217.65253448486328,-971.2997131347656,-0.00285706931731732,-0.8012171416421904,-0.005388305078549383,0.598342623638008
950,15.833333,1146.1942138671875,217.65936279296875,-971.2984619140625,-0.002854470768041839,-0.8012104143608318,-0.0053975586056869106,0.5983515607713218
951,15.85,1146.196044921875,217.66373443603516,-971.2999877929688,-0.0028438506844289243,-0.8012055293703689,-0.005407122077576093,0.5983580660862439
952,15.866667,1146.1978759765625,217.66810607910156,-971.301513671875,-0.002833231727826183,-0.8012006433248077,-0.005416684419469075,0.5983645723668728
953,15.883333,1146.2014770507812,217.66356658935547,-971.3013305664062,-0.0028227476859998026,-0.8011992399624934,-0.005413775828699887,0.5983665273144049
954,15.9,1146.205078125,217.65902709960938,-971.3011474609375,-0.0028122637635498225,-0.8011978363902946,-0.005410867108706815,0.5983684823360661
955,15.916667,1146.2125854492188,217.64334869384766,-971.2928466796875,-0.0028065911050154826,-0.8011998099638172,-0.005387235860038928,0.5983660796286007
956,15.933333,1146.2200927734375,217.62767028808594,-971.2845458984375,-0.002800918835612838,-0.8012017824284869,-0.005363604243739906,0.5983636774041423
957,15.95,1146.228759765625,217.60752868652344,-971.2654724121094,-0.0028065552423163598,-0.8012075048661634,-0.005321650166229882,0.5983563632429395
958,15.966667,1146.2374267578125,217.58738708496094,-971.2463989257812,-0.002812194690442081,-0.8012132211861388,-0.005279693134737147,0.598349054146455
959,15.983333,1146.2423095703125,217.57482147216797,-971.2186889648438,-0.00283664248760557,-0.8012222825183039,-0.0052301653616945755,0.5983372400459845
960,16.0,1146.2471923828125,217.562255859375,-971.1909790039062,-0.0028610978062835815,-0.801231329973337,-0.005180630166685178,0.5983254390877731
961,16.016667,1146.2474365234375,217.5619354248047,-971.1610412597656,-0.002897429264716831,-0.8012413005250902,-0.005137127284034067,0.598312287321417
962,16.033333,1146.2476806640625,217.56161499023438,-971.131103515625,-0.0029337696836706645,-0.8012512551492472,-0.00509361547156578,0.5982991510930188
963,16.05,1146.246337890625,217.5674057006836,-971.1076049804688,-0.0029603980389385693,-0.8012574198286834,-0.0050683569742258966,0.5982909785133937
964,16.066667,1146.2449951171875,217.5731964111328,-971.0841064453125,-0.0029870299965516446,-0.8012635777965365,-0.00504309486980545,0.5982828125081211
965,16.083333,1146.243896484375,217.57781219482422,-971.0718383789062,-0.0029978530076781016,-0.8012656242099852,-0.005034122294249608,0.5982800932251163
966,16.1,1146.2427978515625,217.58242797851562,-971.0595703125,-0.003008676473912432,-0.8012676696483889,-0.005025149261731537,0.5982773748998141
967,16.116667,1146.2427978515625,217.58409118652344,-971.055908203125,-0.003040462758596429,-0.8012716803922629,-0.005001741595866321,0.5982720387654606
968,16.133333,1146.2427978515625,217.58575436058732,-971.052246168489,-0.0030722508571722866,-0.8012756834936684,-0.00497833192919941,0.5982667101950668
